[
  {
    "unitId": "47",
    "serverIcon": "brocadelogo.png",
    "statusId": "status47",
    "description": "",
    "objectType": "networkswitch",
    "model": "Brocade 300",
    "usageinfo": {
      "ipaddress": "n/a",
      "memoryusage": 0,
      "diskusage": 0,
      "hostName": "n/a",
      "cpuusage": 0,
      "name": "n/a",
      "id": "n/a"
    },
    "owner": "Shirish Rao",
    "ip": "NA",
    "memory": "0",
    "cpuusage": "0",
    "isEmpty": "no",
    "serverinfo": {
      "id": "n/a",
      "hostName": "n/a",
      "ipaddress": "n/a",
      "name": "n/a",
      "status": "n/a"
    },
    "status": "NA",
    "project": "MID 1",
    "os": "unknown",
    "srNo": "GNNZS72",
    "unitSize": "1",
    "hostName": "IN-MH2DLFCSW01",
    "cpu": "0",
    "osIcon": "brocadeoslogo.png",
    "fetchInfo": "no",
    "make": "Brocade ",
    "showTableId": "showtable47",
    "osVersion": "unknown",
    "memoryusage": "0"
  },
  {
    "unitId": "46",
    "serverIcon": "kemplogo.png",
    "statusId": "status46",
    "description": "",
    "objectType": "networkswitch",
    "model": "KEMP",
    "usageinfo": {
      "ipaddress": "n/a",
      "memoryusage": 0,
      "diskusage": 0,
      "hostName": "n/a",
      "cpuusage": 0,
      "name": "n/a",
      "id": "n/a"
    },
    "owner": "Shirish Rao",
    "ip": "NA",
    "memory": "0",
    "cpuusage": "0",
    "isEmpty": "no",
    "serverinfo": {
      "id": "n/a",
      "hostName": "n/a",
      "ipaddress": "n/a",
      "name": "n/a",
      "status": "n/a"
    },
    "status": "NA",
    "project": "MID 1",
    "os": "unknown",
    "srNo": "TSBG08024541",
    "unitSize": "1",
    "hostName": "IN-KEMP1V01",
    "cpu": "0",
    "osIcon": "kemposlogo.png",
    "fetchInfo": "no",
    "make": "KEMP",
    "showTableId": "showtable46",
    "osVersion": "unknown",
    "memoryusage": "0"
  },
  {
    "unitId": "45",
    "serverIcon": "emptyicon.png",
    "statusId": "status45",
    "description": "",
    "objectType": "blankslot",
    "model": "NA",
    "usageinfo": {
      "ipaddress": "n/a",
      "memoryusage": 0,
      "diskusage": 0,
      "hostName": "n/a",
      "cpuusage": 0,
      "name": "n/a",
      "id": "n/a"
    },
    "owner": "NA",
    "ip": "NA",
    "memory": "NA",
    "cpuusage": "0",
    "isEmpty": "yes",
    "serverinfo": {
      "id": "n/a",
      "hostName": "n/a",
      "ipaddress": "n/a",
      "name": "n/a",
      "status": "n/a"
    },
    "status": "NA",
    "project": "NA",
    "os": "NA",
    "srNo": "emptyslot",
    "unitSize": "0",
    "hostName": "blankslot",
    "cpu": "NA",
    "osIcon": "naicon.png",
    "fetchInfo": "no",
    "make": "NA",
    "showTableId": "showtable45",
    "osVersion": "NA",
    "memoryusage": "0"
  },
  {
    "unitId": "44",
    "serverIcon": "infobloxlogo.png",
    "statusId": "status44",
    "description": "",
    "objectType": "inflobox",
    "model": "Trinzic 1405",
    "usageinfo": {
      "ipaddress": "n/a",
      "memoryusage": 0,
      "diskusage": 0,
      "hostName": "n/a",
      "cpuusage": 0,
      "name": "n/a",
      "id": "n/a"
    },
    "owner": "Umesh Pawar ",
    "ip": "NA",
    "memory": "0",
    "cpuusage": "0",
    "isEmpty": "no",
    "serverinfo": {
      "id": "n/a",
      "hostName": "n/a",
      "ipaddress": "n/a",
      "name": "n/a",
      "status": "n/a"
    },
    "status": "NA",
    "project": "ITGS",
    "os": "unknown",
    "srNo": "217-0308-000",
    "unitSize": "1",
    "hostName": "INFOBLOX ",
    "cpu": "0",
    "osIcon": "unknownicon.png",
    "fetchInfo": "no",
    "make": "Infoblox",
    "showTableId": "showtable44",
    "osVersion": "unknown",
    "memoryusage": "0"
  },
  {
    "unitId": "43",
    "serverIcon": "raritanlogo.png",
    "statusId": "status43",
    "description": "",
    "objectType": "server",
    "model": "Raritan DKX3-416",
    "usageinfo": {
      "ipaddress": "n/a",
      "memoryusage": 0,
      "diskusage": 0,
      "hostName": "n/a",
      "cpuusage": 0,
      "name": "n/a",
      "id": "n/a"
    },
    "owner": "Umesh Pawar ",
    "ip": "NA",
    "memory": "0",
    "cpuusage": "0",
    "isEmpty": "no",
    "serverinfo": {
      "id": "n/a",
      "hostName": "n/a",
      "ipaddress": "n/a",
      "name": "n/a",
      "status": "n/a"
    },
    "status": "NA",
    "project": "ITGS",
    "os": "unknown",
    "srNo": "HKR1200059",
    "unitSize": "1",
    "hostName": "RARITAN DKX3-416",
    "cpu": "0",
    "osIcon": "unknownicon.png",
    "fetchInfo": "no",
    "make": "Raritan ",
    "showTableId": "showtable43",
    "osVersion": "unknown",
    "memoryusage": "0"
  },
  {
    "unitId": "42",
    "serverIcon": "emptyicon.png",
    "statusId": "status42",
    "description": "",
    "objectType": "blankslot",
    "model": "NA",
    "usageinfo": {
      "ipaddress": "n/a",
      "memoryusage": 0,
      "diskusage": 0,
      "hostName": "n/a",
      "cpuusage": 0,
      "name": "n/a",
      "id": "n/a"
    },
    "owner": "NA",
    "ip": "NA",
    "memory": "NA",
    "cpuusage": "0",
    "isEmpty": "yes",
    "serverinfo": {
      "id": "n/a",
      "hostName": "n/a",
      "ipaddress": "n/a",
      "name": "n/a",
      "status": "n/a"
    },
    "status": "NA",
    "project": "NA",
    "os": "NA",
    "srNo": "empty slots",
    "unitSize": "0",
    "hostName": "blankslot",
    "cpu": "NA",
    "osIcon": "naicon.png",
    "fetchInfo": "no",
    "make": "NA",
    "showTableId": "showtable42",
    "osVersion": "NA",
    "memoryusage": "0"
  },
  {
    "unitId": "41",
    "serverIcon": "emptyicon.png",
    "statusId": "status41",
    "description": "",
    "objectType": "blankslot",
    "model": "NA",
    "usageinfo": {
      "ipaddress": "n/a",
      "memoryusage": 0,
      "diskusage": 0,
      "hostName": "n/a",
      "cpuusage": 0,
      "name": "n/a",
      "id": "n/a"
    },
    "owner": "NA",
    "ip": "NA",
    "memory": "NA",
    "cpuusage": "0",
    "isEmpty": "yes",
    "serverinfo": {
      "id": "n/a",
      "hostName": "n/a",
      "ipaddress": "n/a",
      "name": "n/a",
      "status": "n/a"
    },
    "status": "NA",
    "project": "NA",
    "os": "NA",
    "srNo": "empty slots",
    "unitSize": "0",
    "hostName": "blankslot",
    "cpu": "NA",
    "osIcon": "naicon.png",
    "fetchInfo": "no",
    "make": "NA",
    "showTableId": "showtable41",
    "osVersion": "NA",
    "memoryusage": "0"
  },
  {
    "unitId": "40",
    "serverIcon": "emptyicon.png",
    "statusId": "status40",
    "description": "",
    "objectType": "blankslot",
    "model": "NA",
    "usageinfo": {
      "ipaddress": "n/a",
      "memoryusage": 0,
      "diskusage": 0,
      "hostName": "n/a",
      "cpuusage": 0,
      "name": "n/a",
      "id": "n/a"
    },
    "owner": "NA",
    "ip": "NA",
    "memory": "NA",
    "cpuusage": "0",
    "isEmpty": "yes",
    "serverinfo": {
      "id": "n/a",
      "hostName": "n/a",
      "ipaddress": "n/a",
      "name": "n/a",
      "status": "n/a"
    },
    "status": "NA",
    "project": "NA",
    "os": "NA",
    "srNo": "empty slots",
    "unitSize": "0",
    "hostName": "blankslot",
    "cpu": "NA",
    "osIcon": "naicon.png",
    "fetchInfo": "no",
    "make": "NA",
    "showTableId": "showtable40",
    "osVersion": "NA",
    "memoryusage": "0"
  },
  {
    "unitId": "39",
    "serverIcon": "emptyicon.png",
    "statusId": "status39",
    "description": "",
    "objectType": "blankslot",
    "model": "NA",
    "usageinfo": {
      "ipaddress": "n/a",
      "memoryusage": 0,
      "diskusage": 0,
      "hostName": "n/a",
      "cpuusage": 0,
      "name": "n/a",
      "id": "n/a"
    },
    "owner": "NA",
    "ip": "NA",
    "memory": "NA",
    "cpuusage": "0",
    "isEmpty": "yes",
    "serverinfo": {
      "id": "n/a",
      "hostName": "n/a",
      "ipaddress": "n/a",
      "name": "n/a",
      "status": "n/a"
    },
    "status": "NA",
    "project": "NA",
    "os": "NA",
    "srNo": "empty slots",
    "unitSize": "0",
    "hostName": "blankslot",
    "cpu": "NA",
    "osIcon": "naicon.png",
    "fetchInfo": "no",
    "make": "NA",
    "showTableId": "showtable39",
    "osVersion": "NA",
    "memoryusage": "0"
  },
  {
    "unitId": "38",
    "serverIcon": "emptyicon.png",
    "statusId": "status38",
    "description": "",
    "objectType": "blankslot",
    "model": "NA",
    "usageinfo": {
      "ipaddress": "n/a",
      "memoryusage": 0,
      "diskusage": 0,
      "hostName": "n/a",
      "cpuusage": 0,
      "name": "n/a",
      "id": "n/a"
    },
    "owner": "NA",
    "ip": "NA",
    "memory": "NA",
    "cpuusage": "0",
    "isEmpty": "yes",
    "serverinfo": {
      "id": "n/a",
      "hostName": "n/a",
      "ipaddress": "n/a",
      "name": "n/a",
      "status": "n/a"
    },
    "status": "NA",
    "project": "NA",
    "os": "NA",
    "srNo": "empty slots",
    "unitSize": "0",
    "hostName": "blankslot",
    "cpu": "NA",
    "osIcon": "naicon.png",
    "fetchInfo": "no",
    "make": "NA",
    "showTableId": "showtable38",
    "osVersion": "NA",
    "memoryusage": "0"
  },
  {
    "unitId": "37",
    "serverIcon": "emptyicon.png",
    "statusId": "status37",
    "description": "",
    "objectType": "blankslot",
    "model": "NA",
    "usageinfo": {
      "ipaddress": "n/a",
      "memoryusage": 0,
      "diskusage": 0,
      "hostName": "n/a",
      "cpuusage": 0,
      "name": "n/a",
      "id": "n/a"
    },
    "owner": "NA",
    "ip": "NA",
    "memory": "NA",
    "cpuusage": "0",
    "isEmpty": "yes",
    "serverinfo": {
      "id": "n/a",
      "hostName": "n/a",
      "ipaddress": "n/a",
      "name": "n/a",
      "status": "n/a"
    },
    "status": "NA",
    "project": "NA",
    "os": "NA",
    "srNo": "empty slots",
    "unitSize": "0",
    "hostName": "blankslot",
    "cpu": "NA",
    "osIcon": "naicon.png",
    "fetchInfo": "no",
    "make": "NA",
    "showTableId": "showtable37",
    "osVersion": "NA",
    "memoryusage": "0"
  },
  {
    "unitId": "36",
    "serverIcon": "delllogo.png",
    "statusId": "status36",
    "description": "Box no 14",
    "objectType": "server",
    "model": "Power edge R640",
    "usageinfo": {
      "ipaddress": "n/a",
      "memoryusage": 0,
      "diskusage": 0,
      "hostName": "n/a",
      "cpuusage": 0,
      "name": "n/a",
      "id": "n/a"
    },
    "owner": "Umesh Pawar ",
    "ip": "172.17.250.75",
    "memory": "",
    "cpuusage": "0",
    "isEmpty": "no",
    "serverinfo": {
      "id": "n/a",
      "hostName": "n/a",
      "ipaddress": "n/a",
      "name": "n/a",
      "status": "n/a"
    },
    "status": "NA",
    "project": "ITGS",
    "os": "Microsoft",
    "srNo": "DPLX6T2",
    "unitSize": "1",
    "hostName": "IN-PN1X2400001",
    "cpu": "72",
    "osIcon": "windowslogo.png",
    "fetchInfo": "no",
    "make": "Dell",
    "showTableId": "showtable36",
    "osVersion": "Windows 2016",
    "memoryusage": "0"
  },
  {
    "unitId": "35",
    "serverIcon": "hplogo.png",
    "statusId": "status35",
    "description": "",
    "objectType": "server",
    "model": "Prolient DL 180 Gen9",
    "usageinfo": {
      "ipaddress": "172.17.250.67",
      "memoryusage": "16",
      "diskusage": "11",
      "hostName": "IND-MHP2V670000",
      "cpuusage": "1",
      "name": "172.17.250.67",
      "id": "172.17.250.67"
    },
    "owner": "Umesh Pawar ",
    "ip": "172.17.250.67",
    "memory": "",
    "cpuusage": "86",
    "isEmpty": "no",
    "serverinfo": {
      "id": "172.17.250.67",
      "hostName": "IND-MHP2V670000",
      "ipaddress": "172.17.250.67",
      "name": "172.17.250.67",
      "status": "up"
    },
    "status": "NA",
    "project": "ITGS",
    "os": "VMware",
    "srNo": "SGH709YX54",
    "unitSize": "2",
    "hostName": "IND-MHP2V670000",
    "cpu": "72",
    "osIcon": "esxilogo.png",
    "fetchInfo": "yes",
    "make": "HP",
    "showTableId": "showtable35",
    "osVersion": "ESXi 6.5",
    "memoryusage": "38"
  },
  {
    "unitId": "34",
    "serverIcon": "NA",
    "statusId": "status34",
    "description": "",
    "objectType": "",
    "model": "NA",
    "usageinfo": {
      "ipaddress": "n/a",
      "memoryusage": 0,
      "diskusage": 0,
      "hostName": "n/a",
      "cpuusage": 0,
      "name": "n/a",
      "id": "n/a"
    },
    "owner": "NA",
    "ip": "NA",
    "memory": "NA",
    "cpuusage": "",
    "isEmpty": "",
    "serverinfo": {
      "id": "n/a",
      "hostName": "n/a",
      "ipaddress": "n/a",
      "name": "n/a",
      "status": "n/a"
    },
    "status": "NA",
    "project": "NA",
    "os": "NA",
    "srNo": "NA",
    "unitSize": "",
    "hostName": "",
    "cpu": "NA",
    "osIcon": "NA",
    "fetchInfo": "",
    "make": "NA",
    "showTableId": "showtable34",
    "osVersion": "NA",
    "memoryusage": ""
  },
  {
    "unitId": "33",
    "serverIcon": "hplogo.png",
    "statusId": "status33",
    "description": "Box no 09",
    "objectType": "server",
    "model": "Prolient DL 380 Gen9",
    "usageinfo": {},
    "owner": "Nimesh Mulye",
    "ip": "172.17.250.72",
    "memory": "",
    "cpuusage": "60",
    "isEmpty": "no",
    "serverinfo": {
      "id": "172.17.250.72",
      "hostName": "IN-PN1X2000001",
      "ipaddress": "172.17.250.72",
      "name": "172.17.250.72",
      "status": "down"
    },
    "status": "NA",
    "project": "L & A",
    "os": "VMware",
    "srNo": "SGH726VFR6",
    "unitSize": "2",
    "hostName": "IN-PN1X2000001",
    "cpu": "72",
    "osIcon": "esxilogo.png",
    "fetchInfo": "yes",
    "make": "HP",
    "showTableId": "showtable33",
    "osVersion": "ESXi 6.5",
    "memoryusage": "47"
  },
  {
    "unitId": "32",
    "serverIcon": "NA",
    "statusId": "status32",
    "description": "",
    "objectType": "",
    "model": "NA",
    "usageinfo": {
      "ipaddress": "n/a",
      "memoryusage": 0,
      "diskusage": 0,
      "hostName": "n/a",
      "cpuusage": 0,
      "name": "n/a",
      "id": "n/a"
    },
    "owner": "NA",
    "ip": "NA",
    "memory": "NA",
    "cpuusage": "",
    "isEmpty": "",
    "serverinfo": {
      "id": "n/a",
      "hostName": "n/a",
      "ipaddress": "n/a",
      "name": "n/a",
      "status": "n/a"
    },
    "status": "NA",
    "project": "NA",
    "os": "NA",
    "srNo": "NA",
    "unitSize": "",
    "hostName": "",
    "cpu": "NA",
    "osIcon": "NA",
    "fetchInfo": "",
    "make": "NA",
    "showTableId": "showtable32",
    "osVersion": "NA",
    "memoryusage": ""
  },
  {
    "unitId": "31",
    "serverIcon": "hplogo.png",
    "statusId": "status31",
    "description": "",
    "objectType": "server",
    "model": "Prolient DL 180 Gen9",
    "usageinfo": {
      "ipaddress": "172.17.250.69",
      "memoryusage": "89",
      "diskusage": "35",
      "hostName": "IN-MH2H69W1601",
      "cpuusage": "68",
      "name": "172.17.250.69",
      "id": "172.17.250.69"
    },
    "owner": "Umesh Pawar ",
    "ip": "172.17.250.69",
    "memory": "",
    "cpuusage": "12",
    "isEmpty": "no",
    "serverinfo": {
      "id": "172.17.250.69",
      "hostName": "IN-MH2H69W1601",
      "ipaddress": "172.17.250.69",
      "name": "172.17.250.69",
      "status": "up"
    },
    "status": "NA",
    "project": "ITGS",
    "os": "Microsoft",
    "srNo": "SGH709YX56",
    "unitSize": "2",
    "hostName": "IN-MH2H69W1601",
    "cpu": "72",
    "osIcon": "windowslogo.png",
    "fetchInfo": "yes",
    "make": "HP",
    "showTableId": "showtable31",
    "osVersion": "Windows 2016",
    "memoryusage": "98"
  },
  {
    "unitId": "30",
    "serverIcon": "NA",
    "statusId": "status30",
    "description": "",
    "objectType": "",
    "model": "NA",
    "usageinfo": {
      "ipaddress": "n/a",
      "memoryusage": 0,
      "diskusage": 0,
      "hostName": "n/a",
      "cpuusage": 0,
      "name": "n/a",
      "id": "n/a"
    },
    "owner": "NA",
    "ip": "NA",
    "memory": "NA",
    "cpuusage": "",
    "isEmpty": "",
    "serverinfo": {
      "id": "n/a",
      "hostName": "n/a",
      "ipaddress": "n/a",
      "name": "n/a",
      "status": "n/a"
    },
    "status": "NA",
    "project": "NA",
    "os": "NA",
    "srNo": "NA",
    "unitSize": "",
    "hostName": "",
    "cpu": "NA",
    "osIcon": "NA",
    "fetchInfo": "",
    "make": "NA",
    "showTableId": "showtable30",
    "osVersion": "NA",
    "memoryusage": ""
  },
  {
    "unitId": "29",
    "serverIcon": "emptyicon.png",
    "statusId": "status29",
    "description": "",
    "objectType": "blankslot",
    "model": "NA",
    "usageinfo": {
      "ipaddress": "n/a",
      "memoryusage": 0,
      "diskusage": 0,
      "hostName": "n/a",
      "cpuusage": 0,
      "name": "n/a",
      "id": "n/a"
    },
    "owner": "NA",
    "ip": "NA",
    "memory": "NA",
    "cpuusage": "0",
    "isEmpty": "yes",
    "serverinfo": {
      "id": "n/a",
      "hostName": "n/a",
      "ipaddress": "n/a",
      "name": "n/a",
      "status": "n/a"
    },
    "status": "NA",
    "project": "NA",
    "os": "NA",
    "srNo": "empty slots",
    "unitSize": "0",
    "hostName": "blankslot",
    "cpu": "NA",
    "osIcon": "naicon.png",
    "fetchInfo": "no",
    "make": "NA",
    "showTableId": "showtable29",
    "osVersion": "NA",
    "memoryusage": "0"
  },
  {
    "unitId": "28",
    "serverIcon": "emptyicon.png",
    "statusId": "status28",
    "description": "",
    "objectType": "blankslot",
    "model": "NA",
    "usageinfo": {
      "ipaddress": "n/a",
      "memoryusage": 0,
      "diskusage": 0,
      "hostName": "n/a",
      "cpuusage": 0,
      "name": "n/a",
      "id": "n/a"
    },
    "owner": "NA",
    "ip": "NA",
    "memory": "NA",
    "cpuusage": "0",
    "isEmpty": "yes",
    "serverinfo": {
      "id": "n/a",
      "hostName": "n/a",
      "ipaddress": "n/a",
      "name": "n/a",
      "status": "n/a"
    },
    "status": "NA",
    "project": "NA",
    "os": "NA",
    "srNo": "empty slots",
    "unitSize": "2",
    "hostName": "blankslot",
    "cpu": "NA",
    "osIcon": "naicon.png",
    "fetchInfo": "no",
    "make": "NA",
    "showTableId": "showtable28",
    "osVersion": "NA",
    "memoryusage": "0"
  },
  {
    "unitId": "27",
    "serverIcon": "delllogo.png",
    "statusId": "status27",
    "description": "",
    "objectType": "server",
    "model": "Power Edge R 810",
    "usageinfo": {
      "ipaddress": "172.17.140.68",
      "memoryusage": "0",
      "diskusage": "0",
      "hostName": "IND-MHP1LNX0001",
      "cpuusage": "0",
      "name": "172.17.140.68",
      "id": "172.17.140.68"
    },
    "owner": "Manisha Kamra",
    "ip": "172.17.140.68",
    "memory": "128",
    "cpuusage": "45",
    "isEmpty": "no",
    "serverinfo": {
      "id": "172.17.140.68",
      "hostName": "IND-MHP1LNX0001",
      "ipaddress": "172.17.140.68",
      "name": "172.17.140.68",
      "status": "up"
    },
    "status": "NA",
    "project": "P&C",
    "os": "Intel OEL",
    "srNo": "DPH1D2S",
    "unitSize": "2",
    "hostName": "IND-MHP1LNX0001",
    "cpu": "0",
    "osIcon": "intellogo.png",
    "fetchInfo": "yes",
    "make": "Dell",
    "showTableId": "showtable27",
    "osVersion": "OEL 5.7",
    "memoryusage": "74"
  },
  {
    "unitId": "26",
    "serverIcon": "NA",
    "statusId": "status26",
    "description": "",
    "objectType": "",
    "model": "NA",
    "usageinfo": {
      "ipaddress": "n/a",
      "memoryusage": 0,
      "diskusage": 0,
      "hostName": "n/a",
      "cpuusage": 0,
      "name": "n/a",
      "id": "n/a"
    },
    "owner": "NA",
    "ip": "NA",
    "memory": "NA",
    "cpuusage": "",
    "isEmpty": "",
    "serverinfo": {
      "id": "n/a",
      "hostName": "n/a",
      "ipaddress": "n/a",
      "name": "n/a",
      "status": "n/a"
    },
    "status": "NA",
    "project": "NA",
    "os": "NA",
    "srNo": "NA",
    "unitSize": "",
    "hostName": "",
    "cpu": "NA",
    "osIcon": "NA",
    "fetchInfo": "",
    "make": "NA",
    "showTableId": "showtable26",
    "osVersion": "NA",
    "memoryusage": ""
  },
  {
    "unitId": "25",
    "serverIcon": "delllogo.png",
    "statusId": "status25",
    "description": "",
    "objectType": "storage",
    "model": "Dell Storage SCv2020",
    "usageinfo": {
      "ipaddress": "172.17.251.141",
      "memoryusage": "0",
      "diskusage": "0",
      "hostName": "IN-MH2DLSTG01",
      "cpuusage": "0",
      "name": "172.17.251.141",
      "id": "172.17.251.141"
    },
    "owner": "Vikram Apate",
    "ip": "172.17.251.141",
    "memory": "0",
    "cpuusage": "35",
    "isEmpty": "no",
    "serverinfo": {
      "id": "172.17.251.141",
      "hostName": "IN-MH2DLSTG01",
      "ipaddress": "172.17.251.141",
      "name": "172.17.251.141",
      "status": "up"
    },
    "status": "NA",
    "project": "MID 1",
    "os": "Storage",
    "srNo": "DV8K8F2",
    "unitSize": "2",
    "hostName": "IN-MH2DLSTG01",
    "cpu": "0",
    "osIcon": "storageicon.png",
    "fetchInfo": "yes",
    "make": "Dell",
    "showTableId": "showtable25",
    "osVersion": "unknown",
    "memoryusage": "36"
  },
  {
    "unitId": "24",
    "serverIcon": "NA",
    "statusId": "status24",
    "description": "",
    "objectType": "",
    "model": "NA",
    "usageinfo": {
      "ipaddress": "n/a",
      "memoryusage": 0,
      "diskusage": 0,
      "hostName": "n/a",
      "cpuusage": 0,
      "name": "n/a",
      "id": "n/a"
    },
    "owner": "NA",
    "ip": "NA",
    "memory": "NA",
    "cpuusage": "",
    "isEmpty": "",
    "serverinfo": {
      "id": "n/a",
      "hostName": "n/a",
      "ipaddress": "n/a",
      "name": "n/a",
      "status": "n/a"
    },
    "status": "NA",
    "project": "NA",
    "os": "NA",
    "srNo": "NA",
    "unitSize": "",
    "hostName": "",
    "cpu": "NA",
    "osIcon": "NA",
    "fetchInfo": "",
    "make": "NA",
    "showTableId": "showtable24",
    "osVersion": "NA",
    "memoryusage": ""
  },
  {
    "unitId": "23",
    "serverIcon": "emptyicon.png",
    "statusId": "status23",
    "description": "",
    "objectType": "blankslot",
    "model": "NA",
    "usageinfo": {
      "ipaddress": "n/a",
      "memoryusage": 0,
      "diskusage": 0,
      "hostName": "n/a",
      "cpuusage": 0,
      "name": "n/a",
      "id": "n/a"
    },
    "owner": "NA",
    "ip": "NA",
    "memory": "NA",
    "cpuusage": "0",
    "isEmpty": "yes",
    "serverinfo": {
      "id": "n/a",
      "hostName": "n/a",
      "ipaddress": "n/a",
      "name": "n/a",
      "status": "n/a"
    },
    "status": "NA",
    "project": "NA",
    "os": "NA",
    "srNo": "empty slots",
    "unitSize": "0",
    "hostName": "blankslot",
    "cpu": "NA",
    "osIcon": "naicon.png",
    "fetchInfo": "no",
    "make": "NA",
    "showTableId": "showtable23",
    "osVersion": "NA",
    "memoryusage": "0"
  },
  {
    "unitId": "22",
    "serverIcon": "delllogo.png",
    "statusId": "status22",
    "description": "",
    "objectType": "server",
    "model": "Dell PowerEdge R 630 ",
    "usageinfo": {
      "ipaddress": "172.17.250.58",
      "memoryusage": "48",
      "diskusage": "54",
      "hostName": "IND-MHP2V580000",
      "cpuusage": "18",
      "name": "172.17.250.58",
      "id": "172.17.250.58"
    },
    "owner": "Vikram Apate",
    "ip": "172.17.250.58",
    "memory": "192",
    "cpuusage": "24",
    "isEmpty": "no",
    "serverinfo": {
      "id": "172.17.250.58",
      "hostName": "IND-MHP2V580000",
      "ipaddress": "172.17.250.58",
      "name": "172.17.250.58",
      "status": "up"
    },
    "status": "NA",
    "project": "MID 1",
    "os": "VMware",
    "srNo": "6P7H9F2",
    "unitSize": "1",
    "hostName": "IND-MHP2V580000",
    "cpu": "24",
    "osIcon": "esxilogo.png",
    "fetchInfo": "yes",
    "make": "Dell",
    "showTableId": "showtable22",
    "osVersion": "ESXi 6.0",
    "memoryusage": "64"
  },
  {
    "unitId": "21",
    "serverIcon": "delllogo.png",
    "statusId": "status21",
    "description": "",
    "objectType": "server",
    "model": "Dell PowerEdge R 630 ",
    "usageinfo": {
      "ipaddress": "172.17.250.59",
      "memoryusage": "58",
      "diskusage": "66",
      "hostName": "IND-MHP2V590000",
      "cpuusage": "4",
      "name": "172.17.250.59",
      "id": "172.17.250.59"
    },
    "owner": "Vikram Apate",
    "ip": "172.17.250.59",
    "memory": "192",
    "cpuusage": "75",
    "isEmpty": "no",
    "serverinfo": {
      "id": "172.17.250.59",
      "hostName": "IND-MHP2V590000",
      "ipaddress": "172.17.250.59",
      "name": "172.17.250.59",
      "status": "up"
    },
    "status": "NA",
    "project": "MID 1",
    "os": "VMware",
    "srNo": "6P8D9F2",
    "unitSize": "1",
    "hostName": "IND-MHP2V590000",
    "cpu": "48",
    "osIcon": "esxilogo.png",
    "fetchInfo": "yes",
    "make": "Dell",
    "showTableId": "showtable21",
    "osVersion": "ESXi 6.0",
    "memoryusage": "71"
  },
  {
    "unitId": "20",
    "serverIcon": "delllogo.png",
    "statusId": "status20",
    "description": "",
    "objectType": "server",
    "model": "Dell PowerEdge R 630 ",
    "usageinfo": {
      "ipaddress": "172.17.250.129",
      "memoryusage": "94",
      "diskusage": "84",
      "hostName": "IND-MHP2V400000",
      "cpuusage": "2",
      "name": "172.17.250.129",
      "id": "172.17.250.129"
    },
    "owner": "Umesh Pawar ",
    "ip": "172.17.250.129",
    "memory": "160",
    "cpuusage": "35",
    "isEmpty": "no",
    "serverinfo": {
      "id": "172.17.250.129",
      "hostName": "IND-MHP2V400000",
      "ipaddress": "172.17.250.129",
      "name": "172.17.250.129",
      "status": "up"
    },
    "status": "NA",
    "project": "ITGS",
    "os": "VMware",
    "srNo": "CLTRH32",
    "unitSize": "1",
    "hostName": "IND-MHP2V400000",
    "cpu": "40",
    "osIcon": "esxilogo.png",
    "fetchInfo": "yes",
    "make": "Dell",
    "showTableId": "showtable20",
    "osVersion": "ESXi 6.7",
    "memoryusage": "52"
  },
  {
    "unitId": "19",
    "serverIcon": "emptyicon.png",
    "statusId": "status19",
    "description": "",
    "objectType": "blankslot",
    "model": "NA",
    "usageinfo": {
      "ipaddress": "n/a",
      "memoryusage": 0,
      "diskusage": 0,
      "hostName": "n/a",
      "cpuusage": 0,
      "name": "n/a",
      "id": "n/a"
    },
    "owner": "NA",
    "ip": "NA",
    "memory": "NA",
    "cpuusage": "0",
    "isEmpty": "yes",
    "serverinfo": {
      "id": "n/a",
      "hostName": "n/a",
      "ipaddress": "n/a",
      "name": "n/a",
      "status": "n/a"
    },
    "status": "NA",
    "project": "NA",
    "os": "NA",
    "srNo": "empty slots",
    "unitSize": "0",
    "hostName": "blankslot",
    "cpu": "NA",
    "osIcon": "naicon.png",
    "fetchInfo": "no",
    "make": "NA",
    "showTableId": "showtable19",
    "osVersion": "NA",
    "memoryusage": "0"
  },
  {
    "unitId": "18",
    "serverIcon": "delllogo.png",
    "statusId": "status18",
    "description": "",
    "objectType": "server",
    "model": "Dell PowerEdge R 620",
    "usageinfo": {
      "ipaddress": "172.17.250.151",
      "memoryusage": "50",
      "diskusage": "49",
      "hostName": "IND-MHP2V800000",
      "cpuusage": "1",
      "name": "172.17.250.151",
      "id": "172.17.250.151"
    },
    "owner": "Rahul Jahagirdar",
    "ip": "172.17.250.151",
    "memory": "256",
    "cpuusage": "27",
    "isEmpty": "no",
    "serverinfo": {
      "id": "172.17.250.151",
      "hostName": "IND-MHP2V800000",
      "ipaddress": "172.17.250.151",
      "name": "172.17.250.151",
      "status": "up"
    },
    "status": "NA",
    "project": "ITGS",
    "os": "VMware",
    "srNo": "69SQH32",
    "unitSize": "1",
    "hostName": "IND-MHP2V800000",
    "cpu": "32",
    "osIcon": "esxilogo.png",
    "fetchInfo": "yes",
    "make": "Dell",
    "showTableId": "showtable18",
    "osVersion": "ESXi 6.5",
    "memoryusage": "78"
  },
  {
    "unitId": "17",
    "serverIcon": "delllogo.png",
    "statusId": "status17",
    "description": "",
    "objectType": "server",
    "model": "Dell PowerEdge R 630",
    "usageinfo": {
      "ipaddress": "172.17.250.128",
      "memoryusage": "19",
      "diskusage": "15",
      "hostName": "IND-MHP2V300000-1",
      "cpuusage": "0",
      "name": "172.17.250.128",
      "id": "172.17.250.128"
    },
    "owner": "Umesh Pawar ",
    "ip": "172.17.250.128",
    "memory": "160",
    "cpuusage": "39",
    "isEmpty": "no",
    "serverinfo": {
      "id": "172.17.250.128",
      "hostName": "IND-MHP2V300000-1",
      "ipaddress": "172.17.250.128",
      "name": "172.17.250.128",
      "status": "up"
    },
    "status": "NA",
    "project": "TMM",
    "os": "VMware",
    "srNo": "5MTRH32",
    "unitSize": "1",
    "hostName": "IND-MHP2V300000-1",
    "cpu": "32",
    "osIcon": "esxilogo.png",
    "fetchInfo": "yes",
    "make": "Dell",
    "showTableId": "showtable17",
    "osVersion": "ESXi 6.7u3",
    "memoryusage": "65"
  },
  {
    "unitId": "16",
    "serverIcon": "delllogo.png",
    "statusId": "status16",
    "description": "",
    "objectType": "server",
    "model": "Dell PowerEdge R 820",
    "usageinfo": {
      "ipaddress": "172.17.250.160",
      "memoryusage": "58",
      "diskusage": "60",
      "hostName": "IND-MHP2V3100000",
      "cpuusage": "13",
      "name": "172.17.250.160",
      "id": "172.17.250.160"
    },
    "owner": "Varsha Sadwelkar",
    "ip": "172.17.250.160",
    "memory": "256",
    "cpuusage": "55",
    "isEmpty": "no",
    "serverinfo": {
      "id": "172.17.250.160",
      "hostName": "IND-MHP2V3100000",
      "ipaddress": "172.17.250.160",
      "name": "172.17.250.160",
      "status": "up"
    },
    "status": "NA",
    "project": "PRODUCT",
    "os": "VMware",
    "srNo": "CRJN252",
    "unitSize": "2",
    "hostName": "IND-MHP2V3100000",
    "cpu": "32",
    "osIcon": "esxilogo.png",
    "fetchInfo": "yes",
    "make": "Dell",
    "showTableId": "showtable16",
    "osVersion": "ESXi 6.5",
    "memoryusage": "12"
  },
  {
    "unitId": "15",
    "serverIcon": "NA",
    "statusId": "status15",
    "description": "",
    "objectType": "",
    "model": "NA",
    "usageinfo": {
      "ipaddress": "n/a",
      "memoryusage": 0,
      "diskusage": 0,
      "hostName": "n/a",
      "cpuusage": 0,
      "name": "n/a",
      "id": "n/a"
    },
    "owner": "NA",
    "ip": "NA",
    "memory": "NA",
    "cpuusage": "",
    "isEmpty": "",
    "serverinfo": {
      "id": "n/a",
      "hostName": "n/a",
      "ipaddress": "n/a",
      "name": "n/a",
      "status": "n/a"
    },
    "status": "NA",
    "project": "NA",
    "os": "NA",
    "srNo": "NA",
    "unitSize": "",
    "hostName": "",
    "cpu": "NA",
    "osIcon": "NA",
    "fetchInfo": "",
    "make": "NA",
    "showTableId": "showtable15",
    "osVersion": "NA",
    "memoryusage": ""
  },
  {
    "unitId": "14",
    "serverIcon": "delllogo.png",
    "statusId": "status14",
    "description": "",
    "objectType": "server",
    "model": "Dell PowerEdge R 630",
    "usageinfo": {
      "ipaddress": "172.17.250.130",
      "memoryusage": "63",
      "diskusage": "56",
      "hostName": "IND-MHP2V500000",
      "cpuusage": "5",
      "name": "172.17.250.130",
      "id": "172.17.250.130"
    },
    "owner": "Chhannoo L. Verma",
    "ip": "172.17.250.130",
    "memory": "160",
    "cpuusage": "50",
    "isEmpty": "no",
    "serverinfo": {
      "id": "172.17.250.130",
      "hostName": "IND-MHP2V500000",
      "ipaddress": "172.17.250.130",
      "name": "172.17.250.130",
      "status": "up"
    },
    "status": "NA",
    "project": "MMUK-UNUM",
    "os": "VMware",
    "srNo": "GWTRH32",
    "unitSize": "1",
    "hostName": "IND-MHP2V500000",
    "cpu": "40",
    "osIcon": "esxilogo.png",
    "fetchInfo": "yes",
    "make": "Dell",
    "showTableId": "showtable14",
    "osVersion": "ESXi 7.0",
    "memoryusage": "96"
  },
  {
    "unitId": "13",
    "serverIcon": "hplogo.png",
    "statusId": "status13",
    "description": "",
    "objectType": "server",
    "model": "HP ProLiant DL180 Gen9",
    "usageinfo": {
      "ipaddress": "172.17.250.78",
      "memoryusage": "85",
      "diskusage": "67",
      "hostName": "IND-MHP2V780000",
      "cpuusage": "2",
      "name": "172.17.250.78",
      "id": "172.17.250.78"
    },
    "owner": "Umesh Pawar ",
    "ip": "172.17.250.78",
    "memory": "320",
    "cpuusage": "36",
    "isEmpty": "no",
    "serverinfo": {
      "id": "172.17.250.78",
      "hostName": "IND-MHP2V780000",
      "ipaddress": "172.17.250.78",
      "name": "172.17.250.78",
      "status": "up"
    },
    "status": "NA",
    "project": "ITGS",
    "os": "VMware",
    "srNo": "SGH709YX5K",
    "unitSize": "2",
    "hostName": "IND-MHP2V780000",
    "cpu": "72",
    "osIcon": "esxilogo.png",
    "fetchInfo": "yes",
    "make": "HP",
    "showTableId": "showtable13",
    "osVersion": "ESXi 6.0",
    "memoryusage": "74"
  },
  {
    "unitId": "12",
    "serverIcon": "NA",
    "statusId": "status12",
    "description": "",
    "objectType": "",
    "model": "NA",
    "usageinfo": {
      "ipaddress": "n/a",
      "memoryusage": 0,
      "diskusage": 0,
      "hostName": "n/a",
      "cpuusage": 0,
      "name": "n/a",
      "id": "n/a"
    },
    "owner": "NA",
    "ip": "NA",
    "memory": "NA",
    "cpuusage": "",
    "isEmpty": "",
    "serverinfo": {
      "id": "n/a",
      "hostName": "n/a",
      "ipaddress": "n/a",
      "name": "n/a",
      "status": "n/a"
    },
    "status": "NA",
    "project": "NA",
    "os": "NA",
    "srNo": "NA",
    "unitSize": "",
    "hostName": "",
    "cpu": "NA",
    "osIcon": "NA",
    "fetchInfo": "",
    "make": "NA",
    "showTableId": "showtable12",
    "osVersion": "NA",
    "memoryusage": ""
  },
  {
    "unitId": "11",
    "serverIcon": "delllogo.png",
    "statusId": "status11",
    "description": "",
    "objectType": "server",
    "model": "Dell PowerEdge R 730",
    "usageinfo": {
      "ipaddress": "172.17.250.22",
      "memoryusage": "89",
      "diskusage": "66",
      "hostName": "IND-MHP2V220000",
      "cpuusage": "8",
      "name": "172.17.250.22",
      "id": "172.17.250.22"
    },
    "owner": "Varsha Sadwelkar",
    "ip": "172.17.250.22",
    "memory": "256",
    "cpuusage": "47",
    "isEmpty": "no",
    "serverinfo": {
      "id": "172.17.250.22",
      "hostName": "IND-MHP2V220000",
      "ipaddress": "172.17.250.22",
      "name": "172.17.250.22",
      "status": "up"
    },
    "status": "NA",
    "project": "PRODUCT",
    "os": "VMware",
    "srNo": "9VL6T72",
    "unitSize": "2",
    "hostName": "IND-MHP2V220000",
    "cpu": "48",
    "osIcon": "esxilogo.png",
    "fetchInfo": "yes",
    "make": "Dell",
    "showTableId": "showtable11",
    "osVersion": "ESXi 6.7",
    "memoryusage": "32"
  },
  {
    "unitId": "10",
    "serverIcon": "NA",
    "statusId": "status10",
    "description": "",
    "objectType": "",
    "model": "NA",
    "usageinfo": {
      "ipaddress": "n/a",
      "memoryusage": 0,
      "diskusage": 0,
      "hostName": "n/a",
      "cpuusage": 0,
      "name": "n/a",
      "id": "n/a"
    },
    "owner": "NA",
    "ip": "NA",
    "memory": "NA",
    "cpuusage": "",
    "isEmpty": "",
    "serverinfo": {
      "id": "n/a",
      "hostName": "n/a",
      "ipaddress": "n/a",
      "name": "n/a",
      "status": "n/a"
    },
    "status": "NA",
    "project": "NA",
    "os": "NA",
    "srNo": "NA",
    "unitSize": "",
    "hostName": "",
    "cpu": "NA",
    "osIcon": "NA",
    "fetchInfo": "",
    "make": "NA",
    "showTableId": "showtable10",
    "osVersion": "NA",
    "memoryusage": ""
  },
  {
    "unitId": "9",
    "serverIcon": "delllogo.png",
    "statusId": "status9",
    "description": "",
    "objectType": "server",
    "model": "Dell PowerEdge R 630",
    "usageinfo": {
      "ipaddress": "172.17.250.172",
      "memoryusage": "60",
      "diskusage": "52",
      "hostName": "IN-MH2H172W1601",
      "cpuusage": "9",
      "name": "172.17.250.172",
      "id": "172.17.250.172"
    },
    "owner": "Umesh Pawar ",
    "ip": "172.17.250.172",
    "memory": "256",
    "cpuusage": "98",
    "isEmpty": "no",
    "serverinfo": {
      "id": "172.17.250.172",
      "hostName": "IN-MH2H172W1601",
      "ipaddress": "172.17.250.172",
      "name": "172.17.250.172",
      "status": "up"
    },
    "status": "NA",
    "project": "ITGS",
    "os": "Microsoft",
    "srNo": "2P93N62",
    "unitSize": "1",
    "hostName": "IN-MH2H172W1601",
    "cpu": "64",
    "osIcon": "windowslogo.png",
    "fetchInfo": "yes",
    "make": "Dell",
    "showTableId": "showtable9",
    "osVersion": "Windows 2016",
    "memoryusage": "12"
  },
  {
    "unitId": "8",
    "serverIcon": "delllogo.png",
    "statusId": "status8",
    "description": "",
    "objectType": "server",
    "model": "Dell PowerEdge R 730",
    "usageinfo": {
      "ipaddress": "172.17.250.24",
      "memoryusage": "62",
      "diskusage": "48",
      "hostName": "IND-MHP2V240000",
      "cpuusage": "11",
      "name": "172.17.250.24",
      "id": "172.17.250.24"
    },
    "owner": "Varsha Sadwelkar",
    "ip": "172.17.250.24",
    "memory": "256",
    "cpuusage": "52",
    "isEmpty": "no",
    "serverinfo": {
      "id": "172.17.250.24",
      "hostName": "IND-MHP2V240000",
      "ipaddress": "172.17.250.24",
      "name": "172.17.250.24",
      "status": "up"
    },
    "status": "NA",
    "project": "PRODUCT",
    "os": "VMware",
    "srNo": "B45K882",
    "unitSize": "2",
    "hostName": "IND-MHP2V240000",
    "cpu": "48",
    "osIcon": "esxilogo.png",
    "fetchInfo": "yes",
    "make": "Dell",
    "showTableId": "showtable8",
    "osVersion": "ESXi 6.0",
    "memoryusage": "55"
  },
  {
    "unitId": "7",
    "serverIcon": "NA",
    "statusId": "status7",
    "description": "",
    "objectType": "",
    "model": "NA",
    "usageinfo": {
      "ipaddress": "n/a",
      "memoryusage": 0,
      "diskusage": 0,
      "hostName": "n/a",
      "cpuusage": 0,
      "name": "n/a",
      "id": "n/a"
    },
    "owner": "NA",
    "ip": "NA",
    "memory": "NA",
    "cpuusage": "",
    "isEmpty": "",
    "serverinfo": {
      "id": "n/a",
      "hostName": "n/a",
      "ipaddress": "n/a",
      "name": "n/a",
      "status": "n/a"
    },
    "status": "NA",
    "project": "NA",
    "os": "NA",
    "srNo": "NA",
    "unitSize": "",
    "hostName": "",
    "cpu": "NA",
    "osIcon": "NA",
    "fetchInfo": "",
    "make": "NA",
    "showTableId": "showtable7",
    "osVersion": "NA",
    "memoryusage": ""
  },
  {
    "unitId": "6",
    "serverIcon": "emptyicon.png",
    "statusId": "status6",
    "description": "",
    "objectType": "blankslot",
    "model": "NA",
    "usageinfo": {
      "ipaddress": "n/a",
      "memoryusage": 0,
      "diskusage": 0,
      "hostName": "n/a",
      "cpuusage": 0,
      "name": "n/a",
      "id": "n/a"
    },
    "owner": "NA",
    "ip": "NA",
    "memory": "NA",
    "cpuusage": "0",
    "isEmpty": "yes",
    "serverinfo": {
      "id": "n/a",
      "hostName": "n/a",
      "ipaddress": "n/a",
      "name": "n/a",
      "status": "n/a"
    },
    "status": "NA",
    "project": "NA",
    "os": "NA",
    "srNo": "empty slots",
    "unitSize": "0",
    "hostName": "blankslot",
    "cpu": "NA",
    "osIcon": "naicon.png",
    "fetchInfo": "no",
    "make": "NA",
    "showTableId": "showtable6",
    "osVersion": "NA",
    "memoryusage": "0"
  },
  {
    "unitId": "5",
    "serverIcon": "emptyicon.png",
    "statusId": "status5",
    "description": "",
    "objectType": "blankslot",
    "model": "NA",
    "usageinfo": {
      "ipaddress": "n/a",
      "memoryusage": 0,
      "diskusage": 0,
      "hostName": "n/a",
      "cpuusage": 0,
      "name": "n/a",
      "id": "n/a"
    },
    "owner": "NA",
    "ip": "NA",
    "memory": "NA",
    "cpuusage": "0",
    "isEmpty": "yes",
    "serverinfo": {
      "id": "n/a",
      "hostName": "n/a",
      "ipaddress": "n/a",
      "name": "n/a",
      "status": "n/a"
    },
    "status": "NA",
    "project": "NA",
    "os": "NA",
    "srNo": "empty slots",
    "unitSize": "0",
    "hostName": "blankslot",
    "cpu": "NA",
    "osIcon": "naicon.png",
    "fetchInfo": "no",
    "make": "NA",
    "showTableId": "showtable5",
    "osVersion": "NA",
    "memoryusage": "0"
  },
  {
    "unitId": "4",
    "serverIcon": "emptyicon.png",
    "statusId": "status4",
    "description": "",
    "objectType": "blankslot",
    "model": "NA",
    "usageinfo": {
      "ipaddress": "n/a",
      "memoryusage": 0,
      "diskusage": 0,
      "hostName": "n/a",
      "cpuusage": 0,
      "name": "n/a",
      "id": "n/a"
    },
    "owner": "NA",
    "ip": "NA",
    "memory": "NA",
    "cpuusage": "0",
    "isEmpty": "yes",
    "serverinfo": {
      "id": "n/a",
      "hostName": "n/a",
      "ipaddress": "n/a",
      "name": "n/a",
      "status": "n/a"
    },
    "status": "NA",
    "project": "NA",
    "os": "NA",
    "srNo": "empty slots",
    "unitSize": "0",
    "hostName": "blankslot",
    "cpu": "NA",
    "osIcon": "naicon.png",
    "fetchInfo": "no",
    "make": "NA",
    "showTableId": "showtable4",
    "osVersion": "NA",
    "memoryusage": "0"
  },
  {
    "unitId": "3",
    "serverIcon": "emptyicon.png",
    "statusId": "status3",
    "description": "",
    "objectType": "blankslot",
    "model": "NA",
    "usageinfo": {
      "ipaddress": "n/a",
      "memoryusage": 0,
      "diskusage": 0,
      "hostName": "n/a",
      "cpuusage": 0,
      "name": "n/a",
      "id": "n/a"
    },
    "owner": "NA",
    "ip": "NA",
    "memory": "NA",
    "cpuusage": "0",
    "isEmpty": "yes",
    "serverinfo": {
      "id": "n/a",
      "hostName": "n/a",
      "ipaddress": "n/a",
      "name": "n/a",
      "status": "n/a"
    },
    "status": "NA",
    "project": "NA",
    "os": "NA",
    "srNo": "empty slots",
    "unitSize": "0",
    "hostName": "blankslot",
    "cpu": "NA",
    "osIcon": "naicon.png",
    "fetchInfo": "no",
    "make": "NA",
    "showTableId": "showtable3",
    "osVersion": "NA",
    "memoryusage": "0"
  },
  {
    "unitId": "2",
    "serverIcon": "emptyicon.png",
    "statusId": "status2",
    "description": "",
    "objectType": "blankslot",
    "model": "NA",
    "usageinfo": {
      "ipaddress": "n/a",
      "memoryusage": 0,
      "diskusage": 0,
      "hostName": "n/a",
      "cpuusage": 0,
      "name": "n/a",
      "id": "n/a"
    },
    "owner": "NA",
    "ip": "NA",
    "memory": "NA",
    "cpuusage": "0",
    "isEmpty": "yes",
    "serverinfo": {
      "id": "n/a",
      "hostName": "n/a",
      "ipaddress": "n/a",
      "name": "n/a",
      "status": "n/a"
    },
    "status": "NA",
    "project": "NA",
    "os": "NA",
    "srNo": "empty slots",
    "unitSize": "0",
    "hostName": "blankslot",
    "cpu": "NA",
    "osIcon": "naicon.png",
    "fetchInfo": "no",
    "make": "NA",
    "showTableId": "showtable2",
    "osVersion": "NA",
    "memoryusage": "0"
  },
  {
    "unitId": "1",
    "serverIcon": "emptyicon.png",
    "statusId": "status1",
    "description": "",
    "objectType": "blankslot",
    "model": "NA",
    "usageinfo": {
      "ipaddress": "n/a",
      "memoryusage": 0,
      "diskusage": 0,
      "hostName": "n/a",
      "cpuusage": 0,
      "name": "n/a",
      "id": "n/a"
    },
    "owner": "NA",
    "ip": "NA",
    "memory": "NA",
    "cpuusage": "0",
    "isEmpty": "yes",
    "serverinfo": {
      "id": "n/a",
      "hostName": "n/a",
      "ipaddress": "n/a",
      "name": "n/a",
      "status": "n/a"
    },
    "status": "NA",
    "project": "NA",
    "os": "NA",
    "srNo": "empty slots",
    "unitSize": "0",
    "hostName": "blankslot",
    "cpu": "NA",
    "osIcon": "naicon.png",
    "fetchInfo": "no",
    "make": "NA",
    "showTableId": "showtable1",
    "osVersion": "NA",
    "memoryusage": "0"
  }
]
