<Objs Version="1.1.0.1" xmlns="http://schemas.microsoft.com/powershell/2004/04">
  <Obj RefId="0">
    <TN RefId="0">
      <T>Microsoft.PowerShell.Commands.PSRepositoryItemInfo</T>
      <T>System.Management.Automation.PSCustomObject</T>
      <T>System.Object</T>
    </TN>
    <MS>
      <S N="Name">Microsoft.Graph.Search</S>
      <Version N="Version">1.22.0</Version>
      <S N="Type">Module</S>
      <S N="Description">Microsoft Graph PowerShell Cmdlets</S>
      <S N="Author">Microsoft Corporation</S>
      <S N="CompanyName">msgraph-sdk-powershell</S>
      <S N="Copyright">Microsoft Corporation. All rights reserved.</S>
      <DT N="PublishedDate">2023-02-15T18:14:50+05:30</DT>
      <Obj N="InstalledDate" RefId="1">
        <DT>2023-02-16T21:21:15.7896157+05:30</DT>
        <MS>
          <Obj N="DisplayHint" RefId="2">
            <TN RefId="1">
              <T>Microsoft.PowerShell.Commands.DisplayHintType</T>
              <T>System.Enum</T>
              <T>System.ValueType</T>
              <T>System.Object</T>
            </TN>
            <ToString>DateTime</ToString>
            <I32>2</I32>
          </Obj>
        </MS>
      </Obj>
      <Nil N="UpdatedDate" />
      <URI N="LicenseUri">https://aka.ms/devservicesagreement</URI>
      <URI N="ProjectUri">https://github.com/microsoftgraph/msgraph-sdk-powershell</URI>
      <URI N="IconUri">https://raw.githubusercontent.com/microsoftgraph/msgraph-sdk-powershell/master/documentation/images/graph_color256.png</URI>
      <Obj N="Tags" RefId="3">
        <TN RefId="2">
          <T>System.Object[]</T>
          <T>System.Array</T>
          <T>System.Object</T>
        </TN>
        <LST>
          <S>Microsoft</S>
          <S>Office365</S>
          <S>Graph</S>
          <S>PowerShell</S>
          <S>PSModule</S>
          <S>PSEdition_Core</S>
          <S>PSEdition_Desktop</S>
        </LST>
      </Obj>
      <Obj N="Includes" RefId="4">
        <TN RefId="3">
          <T>System.Collections.Hashtable</T>
          <T>System.Object</T>
        </TN>
        <DCT>
          <En>
            <S N="Key">Cmdlet</S>
            <Obj N="Value" RefId="5">
              <TNRef RefId="2" />
              <LST />
            </Obj>
          </En>
          <En>
            <S N="Key">DscResource</S>
            <Ref N="Value" RefId="5" />
          </En>
          <En>
            <S N="Key">Command</S>
            <Obj N="Value" RefId="6">
              <TNRef RefId="2" />
              <LST>
                <S>Add-MgExternalConnectionItemActivity</S>
                <S>Get-MgExternal</S>
                <S>Get-MgExternalConnection</S>
                <S>Get-MgExternalConnectionGroup</S>
                <S>Get-MgExternalConnectionGroupMember</S>
                <S>Get-MgExternalConnectionItem</S>
                <S>Get-MgExternalConnectionItemActivity</S>
                <S>Get-MgExternalConnectionItemActivityPerformedBy</S>
                <S>Get-MgExternalConnectionOperation</S>
                <S>Get-MgExternalConnectionQuota</S>
                <S>Get-MgExternalConnectionSchema</S>
                <S>Get-MgSearchAcronym</S>
                <S>Get-MgSearchBookmark</S>
                <S>Get-MgSearchEntity</S>
                <S>Get-MgSearchQna</S>
                <S>Invoke-MgQuerySearch</S>
                <S>New-MgExternalConnection</S>
                <S>New-MgExternalConnectionGroup</S>
                <S>New-MgExternalConnectionGroupMember</S>
                <S>New-MgExternalConnectionItem</S>
                <S>New-MgExternalConnectionItemActivity</S>
                <S>New-MgExternalConnectionOperation</S>
                <S>New-MgSearchAcronym</S>
                <S>New-MgSearchBookmark</S>
                <S>New-MgSearchQna</S>
                <S>Remove-MgExternalConnection</S>
                <S>Remove-MgExternalConnectionGroup</S>
                <S>Remove-MgExternalConnectionGroupMember</S>
                <S>Remove-MgExternalConnectionItem</S>
                <S>Remove-MgExternalConnectionItemActivity</S>
                <S>Remove-MgExternalConnectionOperation</S>
                <S>Remove-MgExternalConnectionQuota</S>
                <S>Remove-MgExternalConnectionSchema</S>
                <S>Remove-MgSearchAcronym</S>
                <S>Remove-MgSearchBookmark</S>
                <S>Remove-MgSearchQna</S>
                <S>Update-MgExternal</S>
                <S>Update-MgExternalConnection</S>
                <S>Update-MgExternalConnectionGroup</S>
                <S>Update-MgExternalConnectionGroupMember</S>
                <S>Update-MgExternalConnectionItem</S>
                <S>Update-MgExternalConnectionItemActivity</S>
                <S>Update-MgExternalConnectionOperation</S>
                <S>Update-MgExternalConnectionQuota</S>
                <S>Update-MgExternalConnectionSchema</S>
                <S>Update-MgSearchAcronym</S>
                <S>Update-MgSearchBookmark</S>
                <S>Update-MgSearchEntity</S>
                <S>Update-MgSearchQna</S>
              </LST>
            </Obj>
          </En>
          <En>
            <S N="Key">Function</S>
            <Obj N="Value" RefId="7">
              <TNRef RefId="2" />
              <LST>
                <S>Add-MgExternalConnectionItemActivity</S>
                <S>Get-MgExternal</S>
                <S>Get-MgExternalConnection</S>
                <S>Get-MgExternalConnectionGroup</S>
                <S>Get-MgExternalConnectionGroupMember</S>
                <S>Get-MgExternalConnectionItem</S>
                <S>Get-MgExternalConnectionItemActivity</S>
                <S>Get-MgExternalConnectionItemActivityPerformedBy</S>
                <S>Get-MgExternalConnectionOperation</S>
                <S>Get-MgExternalConnectionQuota</S>
                <S>Get-MgExternalConnectionSchema</S>
                <S>Get-MgSearchAcronym</S>
                <S>Get-MgSearchBookmark</S>
                <S>Get-MgSearchEntity</S>
                <S>Get-MgSearchQna</S>
                <S>Invoke-MgQuerySearch</S>
                <S>New-MgExternalConnection</S>
                <S>New-MgExternalConnectionGroup</S>
                <S>New-MgExternalConnectionGroupMember</S>
                <S>New-MgExternalConnectionItem</S>
                <S>New-MgExternalConnectionItemActivity</S>
                <S>New-MgExternalConnectionOperation</S>
                <S>New-MgSearchAcronym</S>
                <S>New-MgSearchBookmark</S>
                <S>New-MgSearchQna</S>
                <S>Remove-MgExternalConnection</S>
                <S>Remove-MgExternalConnectionGroup</S>
                <S>Remove-MgExternalConnectionGroupMember</S>
                <S>Remove-MgExternalConnectionItem</S>
                <S>Remove-MgExternalConnectionItemActivity</S>
                <S>Remove-MgExternalConnectionOperation</S>
                <S>Remove-MgExternalConnectionQuota</S>
                <S>Remove-MgExternalConnectionSchema</S>
                <S>Remove-MgSearchAcronym</S>
                <S>Remove-MgSearchBookmark</S>
                <S>Remove-MgSearchQna</S>
                <S>Update-MgExternal</S>
                <S>Update-MgExternalConnection</S>
                <S>Update-MgExternalConnectionGroup</S>
                <S>Update-MgExternalConnectionGroupMember</S>
                <S>Update-MgExternalConnectionItem</S>
                <S>Update-MgExternalConnectionItemActivity</S>
                <S>Update-MgExternalConnectionOperation</S>
                <S>Update-MgExternalConnectionQuota</S>
                <S>Update-MgExternalConnectionSchema</S>
                <S>Update-MgSearchAcronym</S>
                <S>Update-MgSearchBookmark</S>
                <S>Update-MgSearchEntity</S>
                <S>Update-MgSearchQna</S>
              </LST>
            </Obj>
          </En>
          <En>
            <S N="Key">RoleCapability</S>
            <Ref N="Value" RefId="5" />
          </En>
          <En>
            <S N="Key">Workflow</S>
            <Ref N="Value" RefId="5" />
          </En>
        </DCT>
      </Obj>
      <Nil N="PowerShellGetFormatVersion" />
      <S N="ReleaseNotes">See https://aka.ms/GraphPowerShell-Release.</S>
      <Obj N="Dependencies" RefId="8">
        <TNRef RefId="2" />
        <LST>
          <Obj RefId="9">
            <TN RefId="4">
              <T>System.Collections.Specialized.OrderedDictionary</T>
              <T>System.Object</T>
            </TN>
            <DCT>
              <En>
                <S N="Key">Name</S>
                <S N="Value">Microsoft.Graph.Authentication</S>
              </En>
              <En>
                <S N="Key">RequiredVersion</S>
                <S N="Value">1.22.0</S>
              </En>
              <En>
                <S N="Key">CanonicalId</S>
                <S N="Value">nuget:Microsoft.Graph.Authentication/[1.22.0]</S>
              </En>
            </DCT>
          </Obj>
        </LST>
      </Obj>
      <S N="RepositorySourceLocation">https://www.powershellgallery.com/api/v2</S>
      <S N="Repository">PSGallery</S>
      <S N="PackageManagementProvider">NuGet</S>
      <Obj N="AdditionalMetadata" RefId="10">
        <TN RefId="5">
          <T>System.Management.Automation.PSCustomObject</T>
          <T>System.Object</T>
        </TN>
        <MS>
          <S N="copyright">Microsoft Corporation. All rights reserved.</S>
          <S N="description">Microsoft Graph PowerShell Cmdlets</S>
          <S N="requireLicenseAcceptance">True</S>
          <S N="releaseNotes">See https://aka.ms/GraphPowerShell-Release.</S>
          <S N="isLatestVersion">True</S>
          <S N="isAbsoluteLatestVersion">False</S>
          <S N="versionDownloadCount">2122</S>
          <S N="downloadCount">1052385</S>
          <S N="packageSize">975176</S>
          <S N="published">15-02-2023 18:14:50 +05:30</S>
          <S N="created">15-02-2023 18:14:50 +05:30</S>
          <S N="lastUpdated">16-02-2023 04:59:16 +05:30</S>
          <S N="tags">Microsoft Office365 Graph PowerShell PSModule PSIncludes_Cmdlet PSEdition_Core PSEdition_Desktop PSFunction_Add-MgExternalConnectionItemActivity PSCommand_Add-MgExternalConnectionItemActivity PSFunction_Get-MgExternal PSCommand_Get-MgExternal PSFunction_Get-MgExternalConnection PSCommand_Get-MgExternalConnection PSFunction_Get-MgExternalConnectionGroup PSCommand_Get-MgExternalConnectionGroup PSFunction_Get-MgExternalConnectionGroupMember PSCommand_Get-MgExternalConnectionGroupMember PSFunction_Get-MgExternalConnectionItem PSCommand_Get-MgExternalConnectionItem PSFunction_Get-MgExternalConnectionItemActivity PSCommand_Get-MgExternalConnectionItemActivity PSFunction_Get-MgExternalConnectionItemActivityPerformedBy PSCommand_Get-MgExternalConnectionItemActivityPerformedBy PSFunction_Get-MgExternalConnectionOperation PSCommand_Get-MgExternalConnectionOperation PSFunction_Get-MgExternalConnectionQuota PSCommand_Get-MgExternalConnectionQuota PSFunction_Get-MgExternalConnectionSchema PSCommand_Get-MgExternalConnectionSchema PSFunction_Get-MgSearchAcronym PSCommand_Get-MgSearchAcronym PSFunction_Get-MgSearchBookmark PSCommand_Get-MgSearchBookmark PSFunction_Get-MgSearchEntity PSCommand_Get-MgSearchEntity PSFunction_Get-MgSearchQna PSCommand_Get-MgSearchQna PSFunction_Invoke-MgQuerySearch PSCommand_Invoke-MgQuerySearch PSFunction_New-MgExternalConnection PSCommand_New-MgExternalConnection PSFunction_New-MgExternalConnectionGroup PSCommand_New-MgExternalConnectionGroup PSFunction_New-MgExternalConnectionGroupMember PSCommand_New-MgExternalConnectionGroupMember PSFunction_New-MgExternalConnectionItem PSCommand_New-MgExternalConnectionItem PSFunction_New-MgExternalConnectionItemActivity PSCommand_New-MgExternalConnectionItemActivity PSFunction_New-MgExternalConnectionOperation PSCommand_New-MgExternalConnectionOperation PSFunction_New-MgSearchAcronym PSCommand_New-MgSearchAcronym PSFunction_New-MgSearchBookmark PSCommand_New-MgSearchBookmark PSFunction_New-MgSearchQna PSCommand_New-MgSearchQna PSFunction_Remove-MgExternalConnection PSCommand_Remove-MgExternalConnection PSFunction_Remove-MgExternalConnectionGroup PSCommand_Remove-MgExternalConnectionGroup PSFunction_Remove-MgExternalConnectionGroupMember PSCommand_Remove-MgExternalConnectionGroupMember PSFunction_Remove-MgExternalConnectionItem PSCommand_Remove-MgExternalConnectionItem PSFunction_Remove-MgExternalConnectionItemActivity PSCommand_Remove-MgExternalConnectionItemActivity PSFunction_Remove-MgExternalConnectionOperation PSCommand_Remove-MgExternalConnectionOperation PSFunction_Remove-MgExternalConnectionQuota PSCommand_Remove-MgExternalConnectionQuota PSFunction_Remove-MgExternalConnectionSchema PSCommand_Remove-MgExternalConnectionSchema PSFunction_Remove-MgSearchAcronym PSCommand_Remove-MgSearchAcronym PSFunction_Remove-MgSearchBookmark PSCommand_Remove-MgSearchBookmark PSFunction_Remove-MgSearchQna PSCommand_Remove-MgSearchQna PSFunction_Update-MgExternal PSCommand_Update-MgExternal PSFunction_Update-MgExternalConnection PSCommand_Update-MgExternalConnection PSFunction_Update-MgExternalConnectionGroup PSCommand_Update-MgExternalConnectionGroup PSFunction_Update-MgExternalConnectionGroupMember PSCommand_Update-MgExternalConnectionGroupMember PSFunction_Update-MgExternalConnectionItem PSCommand_Update-MgExternalConnectionItem PSFunction_Update-MgExternalConnectionItemActivity PSCommand_Update-MgExternalConnectionItemActivity PSFunction_Update-MgExternalConnectionOperation PSCommand_Update-MgExternalConnectionOperation PSFunction_Update-MgExternalConnectionQuota PSCommand_Update-MgExternalConnectionQuota PSFunction_Update-MgExternalConnectionSchema PSCommand_Update-MgExternalConnectionSchema PSFunction_Update-MgSearchAcronym PSCommand_Update-MgSearchAcronym PSFunction_Update-MgSearchBookmark PSCommand_Update-MgSearchBookmark PSFunction_Update-MgSearchEntity PSCommand_Update-MgSearchEntity PSFunction_Update-MgSearchQna PSCommand_Update-MgSearchQna PSIncludes_Function</S>
          <S N="developmentDependency">False</S>
          <S N="updated">2023-02-16T04:59:16Z</S>
          <S N="NormalizedVersion">1.22.0</S>
          <S N="Authors">Microsoft Corporation</S>
          <S N="IsPrerelease">false</S>
          <S N="ItemType">Module</S>
          <S N="FileList">Microsoft.Graph.Search.nuspec|Microsoft.Graph.Search.format.ps1xml|Microsoft.Graph.Search.psd1|Microsoft.Graph.Search.psm1|bin\Microsoft.Graph.Search.private.dll|bin\Microsoft.Graph.Search.private.deps.json|internal\Microsoft.Graph.Search.internal.psm1|custom\Microsoft.Graph.Search.custom.psm1|exports\v1.0\ProxyCmdletDefinitions.ps1|exports\v1.0-beta\ProxyCmdletDefinitions.ps1|.signature.p7s</S>
          <S N="GUID">23722595-b623-452f-bafa-f436a7dbbff9</S>
          <S N="PowerShellVersion">5.1</S>
          <S N="DotNetFrameworkVersion">4.7.2</S>
          <S N="CompanyName">Microsoft Corporation</S>
        </MS>
      </Obj>
      <S N="InstalledLocation">C:\Users\vJanvi\Documents\PowerShell\Modules\Microsoft.Graph.Search\1.22.0</S>
    </MS>
  </Obj>
</Objs>
