<Objs Version="1.1.0.1" xmlns="http://schemas.microsoft.com/powershell/2004/04">
  <Obj RefId="0">
    <TN RefId="0">
      <T>Microsoft.PowerShell.Commands.PSRepositoryItemInfo</T>
      <T>System.Management.Automation.PSCustomObject</T>
      <T>System.Object</T>
    </TN>
    <MS>
      <S N="Name">Microsoft.Graph.ManagedTenants</S>
      <Version N="Version">1.22.0</Version>
      <S N="Type">Module</S>
      <S N="Description">Microsoft Graph PowerShell Cmdlets</S>
      <S N="Author">Microsoft Corporation</S>
      <S N="CompanyName">msgraph-sdk-powershell</S>
      <S N="Copyright">Microsoft Corporation. All rights reserved.</S>
      <DT N="PublishedDate">2023-02-15T18:14:34+05:30</DT>
      <Obj N="InstalledDate" RefId="1">
        <DT>2023-02-16T21:20:49.1875845+05:30</DT>
        <MS>
          <Obj N="DisplayHint" RefId="2">
            <TN RefId="1">
              <T>Microsoft.PowerShell.Commands.DisplayHintType</T>
              <T>System.Enum</T>
              <T>System.ValueType</T>
              <T>System.Object</T>
            </TN>
            <ToString>DateTime</ToString>
            <I32>2</I32>
          </Obj>
        </MS>
      </Obj>
      <Nil N="UpdatedDate" />
      <URI N="LicenseUri">https://aka.ms/devservicesagreement</URI>
      <URI N="ProjectUri">https://github.com/microsoftgraph/msgraph-sdk-powershell</URI>
      <URI N="IconUri">https://raw.githubusercontent.com/microsoftgraph/msgraph-sdk-powershell/master/documentation/images/graph_color256.png</URI>
      <Obj N="Tags" RefId="3">
        <TN RefId="2">
          <T>System.Object[]</T>
          <T>System.Array</T>
          <T>System.Object</T>
        </TN>
        <LST>
          <S>Microsoft</S>
          <S>Office365</S>
          <S>Graph</S>
          <S>PowerShell</S>
          <S>PSModule</S>
          <S>PSEdition_Core</S>
          <S>PSEdition_Desktop</S>
        </LST>
      </Obj>
      <Obj N="Includes" RefId="4">
        <TN RefId="3">
          <T>System.Collections.Hashtable</T>
          <T>System.Object</T>
        </TN>
        <DCT>
          <En>
            <S N="Key">Cmdlet</S>
            <Obj N="Value" RefId="5">
              <TNRef RefId="2" />
              <LST />
            </Obj>
          </En>
          <En>
            <S N="Key">DscResource</S>
            <Ref N="Value" RefId="5" />
          </En>
          <En>
            <S N="Key">Command</S>
            <Obj N="Value" RefId="6">
              <TNRef RefId="2" />
              <LST>
                <S>Get-MgTenantRelationshipManagedTenant</S>
                <S>Get-MgTenantRelationshipManagedTenantAggregatedPolicyCompliance</S>
                <S>Get-MgTenantRelationshipManagedTenantAlert</S>
                <S>Get-MgTenantRelationshipManagedTenantAlertApiNotification</S>
                <S>Get-MgTenantRelationshipManagedTenantAlertEmailNotification</S>
                <S>Get-MgTenantRelationshipManagedTenantAlertLog</S>
                <S>Get-MgTenantRelationshipManagedTenantAlertLogAlert</S>
                <S>Get-MgTenantRelationshipManagedTenantAlertRule</S>
                <S>Get-MgTenantRelationshipManagedTenantAlertRuleAlert</S>
                <S>Get-MgTenantRelationshipManagedTenantAlertRuleDefinition</S>
                <S>Get-MgTenantRelationshipManagedTenantAlertRuleDefinitionAlertRule</S>
                <S>Get-MgTenantRelationshipManagedTenantApiNotification</S>
                <S>Get-MgTenantRelationshipManagedTenantApiNotificationAlert</S>
                <S>Get-MgTenantRelationshipManagedTenantAuditEvent</S>
                <S>Get-MgTenantRelationshipManagedTenantCloudPcConnection</S>
                <S>Get-MgTenantRelationshipManagedTenantCloudPcDevice</S>
                <S>Get-MgTenantRelationshipManagedTenantCloudPcOverview</S>
                <S>Get-MgTenantRelationshipManagedTenantConditionalAccessPolicyCoverage</S>
                <S>Get-MgTenantRelationshipManagedTenantCredentialUserRegistrationSummary</S>
                <S>Get-MgTenantRelationshipManagedTenantCustomizedInformation</S>
                <S>Get-MgTenantRelationshipManagedTenantDetailedInformation</S>
                <S>Get-MgTenantRelationshipManagedTenantDeviceCompliancePolicySettingStateSummary</S>
                <S>Get-MgTenantRelationshipManagedTenantEmailNotification</S>
                <S>Get-MgTenantRelationshipManagedTenantEmailNotificationAlert</S>
                <S>Get-MgTenantRelationshipManagedTenantGroup</S>
                <S>Get-MgTenantRelationshipManagedTenantManagedDeviceCompliance</S>
                <S>Get-MgTenantRelationshipManagedTenantManagedDeviceComplianceTrend</S>
                <S>Get-MgTenantRelationshipManagedTenantManagementAction</S>
                <S>Get-MgTenantRelationshipManagedTenantManagementActionTenantDeploymentStatuses</S>
                <S>Get-MgTenantRelationshipManagedTenantManagementIntent</S>
                <S>Get-MgTenantRelationshipManagedTenantManagementTemplate</S>
                <S>Get-MgTenantRelationshipManagedTenantManagementTemplateCollection</S>
                <S>Get-MgTenantRelationshipManagedTenantManagementTemplateCollectionManagementTemplate</S>
                <S>Get-MgTenantRelationshipManagedTenantManagementTemplateCollectionTenantSummary</S>
                <S>Get-MgTenantRelationshipManagedTenantManagementTemplateStep</S>
                <S>Get-MgTenantRelationshipManagedTenantManagementTemplateStepAcceptedVersion</S>
                <S>Get-MgTenantRelationshipManagedTenantManagementTemplateStepManagementTemplate</S>
                <S>Get-MgTenantRelationshipManagedTenantManagementTemplateStepTenantSummary</S>
                <S>Get-MgTenantRelationshipManagedTenantManagementTemplateStepVersion</S>
                <S>Get-MgTenantRelationshipManagedTenantManagementTemplateStepVersionAcceptedFor</S>
                <S>Get-MgTenantRelationshipManagedTenantManagementTemplateStepVersionDeployment</S>
                <S>Get-MgTenantRelationshipManagedTenantManagementTemplateStepVersionDeploymentTemplateStepVersion</S>
                <S>Get-MgTenantRelationshipManagedTenantManagementTemplateStepVersionTemplateStep</S>
                <S>Get-MgTenantRelationshipManagedTenantMyRole</S>
                <S>Get-MgTenantRelationshipManagedTenantTag</S>
                <S>Get-MgTenantRelationshipManagedTenantTicketingEndpoint</S>
                <S>Get-MgTenantRelationshipManagedTenantWindowDeviceMalwareState</S>
                <S>Get-MgTenantRelationshipManagedTenantWindowProtectionState</S>
                <S>New-MgTenantRelationshipManagedTenant</S>
                <S>New-MgTenantRelationshipManagedTenantAggregatedPolicyCompliance</S>
                <S>New-MgTenantRelationshipManagedTenantAlert</S>
                <S>New-MgTenantRelationshipManagedTenantAlertLog</S>
                <S>New-MgTenantRelationshipManagedTenantAlertRule</S>
                <S>New-MgTenantRelationshipManagedTenantAlertRuleDefinition</S>
                <S>New-MgTenantRelationshipManagedTenantApiNotification</S>
                <S>New-MgTenantRelationshipManagedTenantAuditEvent</S>
                <S>New-MgTenantRelationshipManagedTenantCloudPcConnection</S>
                <S>New-MgTenantRelationshipManagedTenantCloudPcDevice</S>
                <S>New-MgTenantRelationshipManagedTenantCloudPcOverview</S>
                <S>New-MgTenantRelationshipManagedTenantConditionalAccessPolicyCoverage</S>
                <S>New-MgTenantRelationshipManagedTenantCredentialUserRegistrationSummary</S>
                <S>New-MgTenantRelationshipManagedTenantCustomizedInformation</S>
                <S>New-MgTenantRelationshipManagedTenantDetailedInformation</S>
                <S>New-MgTenantRelationshipManagedTenantDeviceCompliancePolicySettingStateSummary</S>
                <S>New-MgTenantRelationshipManagedTenantEmailNotification</S>
                <S>New-MgTenantRelationshipManagedTenantGroup</S>
                <S>New-MgTenantRelationshipManagedTenantManagedDeviceCompliance</S>
                <S>New-MgTenantRelationshipManagedTenantManagedDeviceComplianceTrend</S>
                <S>New-MgTenantRelationshipManagedTenantManagementAction</S>
                <S>New-MgTenantRelationshipManagedTenantManagementActionTenantDeploymentStatuses</S>
                <S>New-MgTenantRelationshipManagedTenantManagementIntent</S>
                <S>New-MgTenantRelationshipManagedTenantManagementTemplate</S>
                <S>New-MgTenantRelationshipManagedTenantManagementTemplateCollection</S>
                <S>New-MgTenantRelationshipManagedTenantManagementTemplateCollectionTenantSummary</S>
                <S>New-MgTenantRelationshipManagedTenantManagementTemplateStep</S>
                <S>New-MgTenantRelationshipManagedTenantManagementTemplateStepTenantSummary</S>
                <S>New-MgTenantRelationshipManagedTenantManagementTemplateStepVersion</S>
                <S>New-MgTenantRelationshipManagedTenantManagementTemplateStepVersionDeployment</S>
                <S>New-MgTenantRelationshipManagedTenantMyRole</S>
                <S>New-MgTenantRelationshipManagedTenantTag</S>
                <S>New-MgTenantRelationshipManagedTenantTicketingEndpoint</S>
                <S>New-MgTenantRelationshipManagedTenantWindowDeviceMalwareState</S>
                <S>New-MgTenantRelationshipManagedTenantWindowProtectionState</S>
                <S>Remove-MgTenantRelationshipManagedTenant</S>
                <S>Remove-MgTenantRelationshipManagedTenantAggregatedPolicyCompliance</S>
                <S>Remove-MgTenantRelationshipManagedTenantAlert</S>
                <S>Remove-MgTenantRelationshipManagedTenantAlertLog</S>
                <S>Remove-MgTenantRelationshipManagedTenantAlertRule</S>
                <S>Remove-MgTenantRelationshipManagedTenantAlertRuleDefinition</S>
                <S>Remove-MgTenantRelationshipManagedTenantApiNotification</S>
                <S>Remove-MgTenantRelationshipManagedTenantAuditEvent</S>
                <S>Remove-MgTenantRelationshipManagedTenantCloudPcConnection</S>
                <S>Remove-MgTenantRelationshipManagedTenantCloudPcDevice</S>
                <S>Remove-MgTenantRelationshipManagedTenantCloudPcOverview</S>
                <S>Remove-MgTenantRelationshipManagedTenantConditionalAccessPolicyCoverage</S>
                <S>Remove-MgTenantRelationshipManagedTenantCredentialUserRegistrationSummary</S>
                <S>Remove-MgTenantRelationshipManagedTenantCustomizedInformation</S>
                <S>Remove-MgTenantRelationshipManagedTenantDetailedInformation</S>
                <S>Remove-MgTenantRelationshipManagedTenantDeviceCompliancePolicySettingStateSummary</S>
                <S>Remove-MgTenantRelationshipManagedTenantEmailNotification</S>
                <S>Remove-MgTenantRelationshipManagedTenantGroup</S>
                <S>Remove-MgTenantRelationshipManagedTenantManagedDeviceCompliance</S>
                <S>Remove-MgTenantRelationshipManagedTenantManagedDeviceComplianceTrend</S>
                <S>Remove-MgTenantRelationshipManagedTenantManagementAction</S>
                <S>Remove-MgTenantRelationshipManagedTenantManagementActionTenantDeploymentStatuses</S>
                <S>Remove-MgTenantRelationshipManagedTenantManagementIntent</S>
                <S>Remove-MgTenantRelationshipManagedTenantManagementTemplate</S>
                <S>Remove-MgTenantRelationshipManagedTenantManagementTemplateCollection</S>
                <S>Remove-MgTenantRelationshipManagedTenantManagementTemplateCollectionTenantSummary</S>
                <S>Remove-MgTenantRelationshipManagedTenantManagementTemplateStep</S>
                <S>Remove-MgTenantRelationshipManagedTenantManagementTemplateStepTenantSummary</S>
                <S>Remove-MgTenantRelationshipManagedTenantManagementTemplateStepVersion</S>
                <S>Remove-MgTenantRelationshipManagedTenantManagementTemplateStepVersionDeployment</S>
                <S>Remove-MgTenantRelationshipManagedTenantMyRole</S>
                <S>Remove-MgTenantRelationshipManagedTenantTag</S>
                <S>Remove-MgTenantRelationshipManagedTenantTicketingEndpoint</S>
                <S>Remove-MgTenantRelationshipManagedTenantWindowDeviceMalwareState</S>
                <S>Remove-MgTenantRelationshipManagedTenantWindowProtectionState</S>
                <S>Update-MgTenantRelationshipManagedTenant</S>
                <S>Update-MgTenantRelationshipManagedTenantAggregatedPolicyCompliance</S>
                <S>Update-MgTenantRelationshipManagedTenantAlert</S>
                <S>Update-MgTenantRelationshipManagedTenantAlertLog</S>
                <S>Update-MgTenantRelationshipManagedTenantAlertRule</S>
                <S>Update-MgTenantRelationshipManagedTenantAlertRuleDefinition</S>
                <S>Update-MgTenantRelationshipManagedTenantApiNotification</S>
                <S>Update-MgTenantRelationshipManagedTenantAuditEvent</S>
                <S>Update-MgTenantRelationshipManagedTenantCloudPcConnection</S>
                <S>Update-MgTenantRelationshipManagedTenantCloudPcDevice</S>
                <S>Update-MgTenantRelationshipManagedTenantCloudPcOverview</S>
                <S>Update-MgTenantRelationshipManagedTenantConditionalAccessPolicyCoverage</S>
                <S>Update-MgTenantRelationshipManagedTenantCredentialUserRegistrationSummary</S>
                <S>Update-MgTenantRelationshipManagedTenantCustomizedInformation</S>
                <S>Update-MgTenantRelationshipManagedTenantDetailedInformation</S>
                <S>Update-MgTenantRelationshipManagedTenantDeviceCompliancePolicySettingStateSummary</S>
                <S>Update-MgTenantRelationshipManagedTenantEmailNotification</S>
                <S>Update-MgTenantRelationshipManagedTenantGroup</S>
                <S>Update-MgTenantRelationshipManagedTenantManagedDeviceCompliance</S>
                <S>Update-MgTenantRelationshipManagedTenantManagedDeviceComplianceTrend</S>
                <S>Update-MgTenantRelationshipManagedTenantManagementAction</S>
                <S>Update-MgTenantRelationshipManagedTenantManagementActionTenantDeploymentStatuses</S>
                <S>Update-MgTenantRelationshipManagedTenantManagementIntent</S>
                <S>Update-MgTenantRelationshipManagedTenantManagementTemplate</S>
                <S>Update-MgTenantRelationshipManagedTenantManagementTemplateCollection</S>
                <S>Update-MgTenantRelationshipManagedTenantManagementTemplateCollectionTenantSummary</S>
                <S>Update-MgTenantRelationshipManagedTenantManagementTemplateStep</S>
                <S>Update-MgTenantRelationshipManagedTenantManagementTemplateStepTenantSummary</S>
                <S>Update-MgTenantRelationshipManagedTenantManagementTemplateStepVersion</S>
                <S>Update-MgTenantRelationshipManagedTenantManagementTemplateStepVersionDeployment</S>
                <S>Update-MgTenantRelationshipManagedTenantMyRole</S>
                <S>Update-MgTenantRelationshipManagedTenantTag</S>
                <S>Update-MgTenantRelationshipManagedTenantTicketingEndpoint</S>
                <S>Update-MgTenantRelationshipManagedTenantWindowDeviceMalwareState</S>
                <S>Update-MgTenantRelationshipManagedTenantWindowProtectionState</S>
              </LST>
            </Obj>
          </En>
          <En>
            <S N="Key">Function</S>
            <Obj N="Value" RefId="7">
              <TNRef RefId="2" />
              <LST>
                <S>Get-MgTenantRelationshipManagedTenant</S>
                <S>Get-MgTenantRelationshipManagedTenantAggregatedPolicyCompliance</S>
                <S>Get-MgTenantRelationshipManagedTenantAlert</S>
                <S>Get-MgTenantRelationshipManagedTenantAlertApiNotification</S>
                <S>Get-MgTenantRelationshipManagedTenantAlertEmailNotification</S>
                <S>Get-MgTenantRelationshipManagedTenantAlertLog</S>
                <S>Get-MgTenantRelationshipManagedTenantAlertLogAlert</S>
                <S>Get-MgTenantRelationshipManagedTenantAlertRule</S>
                <S>Get-MgTenantRelationshipManagedTenantAlertRuleAlert</S>
                <S>Get-MgTenantRelationshipManagedTenantAlertRuleDefinition</S>
                <S>Get-MgTenantRelationshipManagedTenantAlertRuleDefinitionAlertRule</S>
                <S>Get-MgTenantRelationshipManagedTenantApiNotification</S>
                <S>Get-MgTenantRelationshipManagedTenantApiNotificationAlert</S>
                <S>Get-MgTenantRelationshipManagedTenantAuditEvent</S>
                <S>Get-MgTenantRelationshipManagedTenantCloudPcConnection</S>
                <S>Get-MgTenantRelationshipManagedTenantCloudPcDevice</S>
                <S>Get-MgTenantRelationshipManagedTenantCloudPcOverview</S>
                <S>Get-MgTenantRelationshipManagedTenantConditionalAccessPolicyCoverage</S>
                <S>Get-MgTenantRelationshipManagedTenantCredentialUserRegistrationSummary</S>
                <S>Get-MgTenantRelationshipManagedTenantCustomizedInformation</S>
                <S>Get-MgTenantRelationshipManagedTenantDetailedInformation</S>
                <S>Get-MgTenantRelationshipManagedTenantDeviceCompliancePolicySettingStateSummary</S>
                <S>Get-MgTenantRelationshipManagedTenantEmailNotification</S>
                <S>Get-MgTenantRelationshipManagedTenantEmailNotificationAlert</S>
                <S>Get-MgTenantRelationshipManagedTenantGroup</S>
                <S>Get-MgTenantRelationshipManagedTenantManagedDeviceCompliance</S>
                <S>Get-MgTenantRelationshipManagedTenantManagedDeviceComplianceTrend</S>
                <S>Get-MgTenantRelationshipManagedTenantManagementAction</S>
                <S>Get-MgTenantRelationshipManagedTenantManagementActionTenantDeploymentStatuses</S>
                <S>Get-MgTenantRelationshipManagedTenantManagementIntent</S>
                <S>Get-MgTenantRelationshipManagedTenantManagementTemplate</S>
                <S>Get-MgTenantRelationshipManagedTenantManagementTemplateCollection</S>
                <S>Get-MgTenantRelationshipManagedTenantManagementTemplateCollectionManagementTemplate</S>
                <S>Get-MgTenantRelationshipManagedTenantManagementTemplateCollectionTenantSummary</S>
                <S>Get-MgTenantRelationshipManagedTenantManagementTemplateStep</S>
                <S>Get-MgTenantRelationshipManagedTenantManagementTemplateStepAcceptedVersion</S>
                <S>Get-MgTenantRelationshipManagedTenantManagementTemplateStepManagementTemplate</S>
                <S>Get-MgTenantRelationshipManagedTenantManagementTemplateStepTenantSummary</S>
                <S>Get-MgTenantRelationshipManagedTenantManagementTemplateStepVersion</S>
                <S>Get-MgTenantRelationshipManagedTenantManagementTemplateStepVersionAcceptedFor</S>
                <S>Get-MgTenantRelationshipManagedTenantManagementTemplateStepVersionDeployment</S>
                <S>Get-MgTenantRelationshipManagedTenantManagementTemplateStepVersionDeploymentTemplateStepVersion</S>
                <S>Get-MgTenantRelationshipManagedTenantManagementTemplateStepVersionTemplateStep</S>
                <S>Get-MgTenantRelationshipManagedTenantMyRole</S>
                <S>Get-MgTenantRelationshipManagedTenantTag</S>
                <S>Get-MgTenantRelationshipManagedTenantTicketingEndpoint</S>
                <S>Get-MgTenantRelationshipManagedTenantWindowDeviceMalwareState</S>
                <S>Get-MgTenantRelationshipManagedTenantWindowProtectionState</S>
                <S>New-MgTenantRelationshipManagedTenant</S>
                <S>New-MgTenantRelationshipManagedTenantAggregatedPolicyCompliance</S>
                <S>New-MgTenantRelationshipManagedTenantAlert</S>
                <S>New-MgTenantRelationshipManagedTenantAlertLog</S>
                <S>New-MgTenantRelationshipManagedTenantAlertRule</S>
                <S>New-MgTenantRelationshipManagedTenantAlertRuleDefinition</S>
                <S>New-MgTenantRelationshipManagedTenantApiNotification</S>
                <S>New-MgTenantRelationshipManagedTenantAuditEvent</S>
                <S>New-MgTenantRelationshipManagedTenantCloudPcConnection</S>
                <S>New-MgTenantRelationshipManagedTenantCloudPcDevice</S>
                <S>New-MgTenantRelationshipManagedTenantCloudPcOverview</S>
                <S>New-MgTenantRelationshipManagedTenantConditionalAccessPolicyCoverage</S>
                <S>New-MgTenantRelationshipManagedTenantCredentialUserRegistrationSummary</S>
                <S>New-MgTenantRelationshipManagedTenantCustomizedInformation</S>
                <S>New-MgTenantRelationshipManagedTenantDetailedInformation</S>
                <S>New-MgTenantRelationshipManagedTenantDeviceCompliancePolicySettingStateSummary</S>
                <S>New-MgTenantRelationshipManagedTenantEmailNotification</S>
                <S>New-MgTenantRelationshipManagedTenantGroup</S>
                <S>New-MgTenantRelationshipManagedTenantManagedDeviceCompliance</S>
                <S>New-MgTenantRelationshipManagedTenantManagedDeviceComplianceTrend</S>
                <S>New-MgTenantRelationshipManagedTenantManagementAction</S>
                <S>New-MgTenantRelationshipManagedTenantManagementActionTenantDeploymentStatuses</S>
                <S>New-MgTenantRelationshipManagedTenantManagementIntent</S>
                <S>New-MgTenantRelationshipManagedTenantManagementTemplate</S>
                <S>New-MgTenantRelationshipManagedTenantManagementTemplateCollection</S>
                <S>New-MgTenantRelationshipManagedTenantManagementTemplateCollectionTenantSummary</S>
                <S>New-MgTenantRelationshipManagedTenantManagementTemplateStep</S>
                <S>New-MgTenantRelationshipManagedTenantManagementTemplateStepTenantSummary</S>
                <S>New-MgTenantRelationshipManagedTenantManagementTemplateStepVersion</S>
                <S>New-MgTenantRelationshipManagedTenantManagementTemplateStepVersionDeployment</S>
                <S>New-MgTenantRelationshipManagedTenantMyRole</S>
                <S>New-MgTenantRelationshipManagedTenantTag</S>
                <S>New-MgTenantRelationshipManagedTenantTicketingEndpoint</S>
                <S>New-MgTenantRelationshipManagedTenantWindowDeviceMalwareState</S>
                <S>New-MgTenantRelationshipManagedTenantWindowProtectionState</S>
                <S>Remove-MgTenantRelationshipManagedTenant</S>
                <S>Remove-MgTenantRelationshipManagedTenantAggregatedPolicyCompliance</S>
                <S>Remove-MgTenantRelationshipManagedTenantAlert</S>
                <S>Remove-MgTenantRelationshipManagedTenantAlertLog</S>
                <S>Remove-MgTenantRelationshipManagedTenantAlertRule</S>
                <S>Remove-MgTenantRelationshipManagedTenantAlertRuleDefinition</S>
                <S>Remove-MgTenantRelationshipManagedTenantApiNotification</S>
                <S>Remove-MgTenantRelationshipManagedTenantAuditEvent</S>
                <S>Remove-MgTenantRelationshipManagedTenantCloudPcConnection</S>
                <S>Remove-MgTenantRelationshipManagedTenantCloudPcDevice</S>
                <S>Remove-MgTenantRelationshipManagedTenantCloudPcOverview</S>
                <S>Remove-MgTenantRelationshipManagedTenantConditionalAccessPolicyCoverage</S>
                <S>Remove-MgTenantRelationshipManagedTenantCredentialUserRegistrationSummary</S>
                <S>Remove-MgTenantRelationshipManagedTenantCustomizedInformation</S>
                <S>Remove-MgTenantRelationshipManagedTenantDetailedInformation</S>
                <S>Remove-MgTenantRelationshipManagedTenantDeviceCompliancePolicySettingStateSummary</S>
                <S>Remove-MgTenantRelationshipManagedTenantEmailNotification</S>
                <S>Remove-MgTenantRelationshipManagedTenantGroup</S>
                <S>Remove-MgTenantRelationshipManagedTenantManagedDeviceCompliance</S>
                <S>Remove-MgTenantRelationshipManagedTenantManagedDeviceComplianceTrend</S>
                <S>Remove-MgTenantRelationshipManagedTenantManagementAction</S>
                <S>Remove-MgTenantRelationshipManagedTenantManagementActionTenantDeploymentStatuses</S>
                <S>Remove-MgTenantRelationshipManagedTenantManagementIntent</S>
                <S>Remove-MgTenantRelationshipManagedTenantManagementTemplate</S>
                <S>Remove-MgTenantRelationshipManagedTenantManagementTemplateCollection</S>
                <S>Remove-MgTenantRelationshipManagedTenantManagementTemplateCollectionTenantSummary</S>
                <S>Remove-MgTenantRelationshipManagedTenantManagementTemplateStep</S>
                <S>Remove-MgTenantRelationshipManagedTenantManagementTemplateStepTenantSummary</S>
                <S>Remove-MgTenantRelationshipManagedTenantManagementTemplateStepVersion</S>
                <S>Remove-MgTenantRelationshipManagedTenantManagementTemplateStepVersionDeployment</S>
                <S>Remove-MgTenantRelationshipManagedTenantMyRole</S>
                <S>Remove-MgTenantRelationshipManagedTenantTag</S>
                <S>Remove-MgTenantRelationshipManagedTenantTicketingEndpoint</S>
                <S>Remove-MgTenantRelationshipManagedTenantWindowDeviceMalwareState</S>
                <S>Remove-MgTenantRelationshipManagedTenantWindowProtectionState</S>
                <S>Update-MgTenantRelationshipManagedTenant</S>
                <S>Update-MgTenantRelationshipManagedTenantAggregatedPolicyCompliance</S>
                <S>Update-MgTenantRelationshipManagedTenantAlert</S>
                <S>Update-MgTenantRelationshipManagedTenantAlertLog</S>
                <S>Update-MgTenantRelationshipManagedTenantAlertRule</S>
                <S>Update-MgTenantRelationshipManagedTenantAlertRuleDefinition</S>
                <S>Update-MgTenantRelationshipManagedTenantApiNotification</S>
                <S>Update-MgTenantRelationshipManagedTenantAuditEvent</S>
                <S>Update-MgTenantRelationshipManagedTenantCloudPcConnection</S>
                <S>Update-MgTenantRelationshipManagedTenantCloudPcDevice</S>
                <S>Update-MgTenantRelationshipManagedTenantCloudPcOverview</S>
                <S>Update-MgTenantRelationshipManagedTenantConditionalAccessPolicyCoverage</S>
                <S>Update-MgTenantRelationshipManagedTenantCredentialUserRegistrationSummary</S>
                <S>Update-MgTenantRelationshipManagedTenantCustomizedInformation</S>
                <S>Update-MgTenantRelationshipManagedTenantDetailedInformation</S>
                <S>Update-MgTenantRelationshipManagedTenantDeviceCompliancePolicySettingStateSummary</S>
                <S>Update-MgTenantRelationshipManagedTenantEmailNotification</S>
                <S>Update-MgTenantRelationshipManagedTenantGroup</S>
                <S>Update-MgTenantRelationshipManagedTenantManagedDeviceCompliance</S>
                <S>Update-MgTenantRelationshipManagedTenantManagedDeviceComplianceTrend</S>
                <S>Update-MgTenantRelationshipManagedTenantManagementAction</S>
                <S>Update-MgTenantRelationshipManagedTenantManagementActionTenantDeploymentStatuses</S>
                <S>Update-MgTenantRelationshipManagedTenantManagementIntent</S>
                <S>Update-MgTenantRelationshipManagedTenantManagementTemplate</S>
                <S>Update-MgTenantRelationshipManagedTenantManagementTemplateCollection</S>
                <S>Update-MgTenantRelationshipManagedTenantManagementTemplateCollectionTenantSummary</S>
                <S>Update-MgTenantRelationshipManagedTenantManagementTemplateStep</S>
                <S>Update-MgTenantRelationshipManagedTenantManagementTemplateStepTenantSummary</S>
                <S>Update-MgTenantRelationshipManagedTenantManagementTemplateStepVersion</S>
                <S>Update-MgTenantRelationshipManagedTenantManagementTemplateStepVersionDeployment</S>
                <S>Update-MgTenantRelationshipManagedTenantMyRole</S>
                <S>Update-MgTenantRelationshipManagedTenantTag</S>
                <S>Update-MgTenantRelationshipManagedTenantTicketingEndpoint</S>
                <S>Update-MgTenantRelationshipManagedTenantWindowDeviceMalwareState</S>
                <S>Update-MgTenantRelationshipManagedTenantWindowProtectionState</S>
              </LST>
            </Obj>
          </En>
          <En>
            <S N="Key">RoleCapability</S>
            <Ref N="Value" RefId="5" />
          </En>
          <En>
            <S N="Key">Workflow</S>
            <Ref N="Value" RefId="5" />
          </En>
        </DCT>
      </Obj>
      <Nil N="PowerShellGetFormatVersion" />
      <S N="ReleaseNotes">See https://aka.ms/GraphPowerShell-Release.</S>
      <Obj N="Dependencies" RefId="8">
        <TNRef RefId="2" />
        <LST>
          <Obj RefId="9">
            <TN RefId="4">
              <T>System.Collections.Specialized.OrderedDictionary</T>
              <T>System.Object</T>
            </TN>
            <DCT>
              <En>
                <S N="Key">Name</S>
                <S N="Value">Microsoft.Graph.Authentication</S>
              </En>
              <En>
                <S N="Key">RequiredVersion</S>
                <S N="Value">1.22.0</S>
              </En>
              <En>
                <S N="Key">CanonicalId</S>
                <S N="Value">nuget:Microsoft.Graph.Authentication/[1.22.0]</S>
              </En>
            </DCT>
          </Obj>
        </LST>
      </Obj>
      <S N="RepositorySourceLocation">https://www.powershellgallery.com/api/v2</S>
      <S N="Repository">PSGallery</S>
      <S N="PackageManagementProvider">NuGet</S>
      <Obj N="AdditionalMetadata" RefId="10">
        <TN RefId="5">
          <T>System.Management.Automation.PSCustomObject</T>
          <T>System.Object</T>
        </TN>
        <MS>
          <S N="copyright">Microsoft Corporation. All rights reserved.</S>
          <S N="description">Microsoft Graph PowerShell Cmdlets</S>
          <S N="requireLicenseAcceptance">True</S>
          <S N="releaseNotes">See https://aka.ms/GraphPowerShell-Release.</S>
          <S N="isLatestVersion">True</S>
          <S N="isAbsoluteLatestVersion">True</S>
          <S N="versionDownloadCount">2130</S>
          <S N="downloadCount">560923</S>
          <S N="packageSize">1620712</S>
          <S N="published">15-02-2023 18:14:34 +05:30</S>
          <S N="created">15-02-2023 18:14:34 +05:30</S>
          <S N="lastUpdated">16-02-2023 04:59:16 +05:30</S>
          <S N="tags">Microsoft Office365 Graph PowerShell PSModule PSIncludes_Cmdlet PSEdition_Core PSEdition_Desktop PSFunction_Get-MgTenantRelationshipManagedTenant PSCommand_Get-MgTenantRelationshipManagedTenant PSFunction_Get-MgTenantRelationshipManagedTenantAggregatedPolicyCompliance PSCommand_Get-MgTenantRelationshipManagedTenantAggregatedPolicyCompliance PSFunction_Get-MgTenantRelationshipManagedTenantAlert PSCommand_Get-MgTenantRelationshipManagedTenantAlert PSFunction_Get-MgTenantRelationshipManagedTenantAlertApiNotification PSCommand_Get-MgTenantRelationshipManagedTenantAlertApiNotification PSFunction_Get-MgTenantRelationshipManagedTenantAlertEmailNotification PSCommand_Get-MgTenantRelationshipManagedTenantAlertEmailNotification PSFunction_Get-MgTenantRelationshipManagedTenantAlertLog PSCommand_Get-MgTenantRelationshipManagedTenantAlertLog PSFunction_Get-MgTenantRelationshipManagedTenantAlertLogAlert PSCommand_Get-MgTenantRelationshipManagedTenantAlertLogAlert PSFunction_Get-MgTenantRelationshipManagedTenantAlertRule PSCommand_Get-MgTenantRelationshipManagedTenantAlertRule PSFunction_Get-MgTenantRelationshipManagedTenantAlertRuleAlert PSCommand_Get-MgTenantRelationshipManagedTenantAlertRuleAlert PSFunction_Get-MgTenantRelationshipManagedTenantAlertRuleDefinition PSCommand_Get-MgTenantRelationshipManagedTenantAlertRuleDefinition PSFunction_Get-MgTenantRelationshipManagedTenantAlertRuleDefinitionAlertRule PSCommand_Get-MgTenantRelationshipManagedTenantAlertRuleDefinitionAlertRule PSFunction_Get-MgTenantRelationshipManagedTenantApiNotification PSCommand_Get-MgTenantRelationshipManagedTenantApiNotification PSFunction_Get-MgTenantRelationshipManagedTenantApiNotificationAlert PSCommand_Get-MgTenantRelationshipManagedTenantApiNotificationAlert PSFunction_Get-MgTenantRelationshipManagedTenantAuditEvent PSCommand_Get-MgTenantRelationshipManagedTenantAuditEvent PSFunction_Get-MgTenantRelationshipManagedTenantCloudPcConnection PSCommand_Get-MgTenantRelationshipManagedTenantCloudPcConnection PSFunction_Get-MgTenantRelationshipManagedTenantCloudPcDevice PSCommand_Get-MgTenantRelationshipManagedTenantCloudPcDevice PSFunction_Get-MgTenantRelationshipManagedTenantCloudPcOverview PSCommand_Get-MgTenantRelationshipManagedTenantCloudPcOverview PSFunction_Get-MgTenantRelationshipManagedTenantConditionalAccessPolicyCoverage PSCommand_Get-MgTenantRelationshipManagedTenantConditionalAccessPolicyCoverage PSFunction_Get-MgTenantRelationshipManagedTenantCredentialUserRegistrationSummary PSCommand_Get-MgTenantRelationshipManagedTenantCredentialUserRegistrationSummary PSFunction_Get-MgTenantRelationshipManagedTenantCustomizedInformation PSCommand_Get-MgTenantRelationshipManagedTenantCustomizedInformation PSFunction_Get-MgTenantRelationshipManagedTenantDetailedInformation PSCommand_Get-MgTenantRelationshipManagedTenantDetailedInformation PSFunction_Get-MgTenantRelationshipManagedTenantDeviceCompliancePolicySettingStateSummary PSCommand_Get-MgTenantRelationshipManagedTenantDeviceCompliancePolicySettingStateSummary PSFunction_Get-MgTenantRelationshipManagedTenantEmailNotification PSCommand_Get-MgTenantRelationshipManagedTenantEmailNotification PSFunction_Get-MgTenantRelationshipManagedTenantEmailNotificationAlert PSCommand_Get-MgTenantRelationshipManagedTenantEmailNotificationAlert PSFunction_Get-MgTenantRelationshipManagedTenantGroup PSCommand_Get-MgTenantRelationshipManagedTenantGroup PSFunction_Get-MgTenantRelationshipManagedTenantManagedDeviceCompliance PSCommand_Get-MgTenantRelationshipManagedTenantManagedDeviceCompliance PSFunction_Get-MgTenantRelationshipManagedTenantManagedDeviceComplianceTrend PSCommand_Get-MgTenantRelationshipManagedTenantManagedDeviceComplianceTrend PSFunction_Get-MgTenantRelationshipManagedTenantManagementAction PSCommand_Get-MgTenantRelationshipManagedTenantManagementAction PSFunction_Get-MgTenantRelationshipManagedTenantManagementActionTenantDeploymentStatuses PSCommand_Get-MgTenantRelationshipManagedTenantManagementActionTenantDeploymentStatuses PSFunction_Get-MgTenantRelationshipManagedTenantManagementIntent PSCommand_Get-MgTenantRelationshipManagedTenantManagementIntent PSFunction_Get-MgTenantRelationshipManagedTenantManagementTemplate PSCommand_Get-MgTenantRelationshipManagedTenantManagementTemplate PSFunction_Get-MgTenantRelationshipManagedTenantManagementTemplateCollection PSCommand_Get-MgTenantRelationshipManagedTenantManagementTemplateCollection PSFunction_Get-MgTenantRelationshipManagedTenantManagementTemplateCollectionManagementTemplate PSCommand_Get-MgTenantRelationshipManagedTenantManagementTemplateCollectionManagementTemplate PSFunction_Get-MgTenantRelationshipManagedTenantManagementTemplateCollectionTenantSummary PSCommand_Get-MgTenantRelationshipManagedTenantManagementTemplateCollectionTenantSummary PSFunction_Get-MgTenantRelationshipManagedTenantManagementTemplateStep PSCommand_Get-MgTenantRelationshipManagedTenantManagementTemplateStep PSFunction_Get-MgTenantRelationshipManagedTenantManagementTemplateStepAcceptedVersion PSCommand_Get-MgTenantRelationshipManagedTenantManagementTemplateStepAcceptedVersion PSFunction_Get-MgTenantRelationshipManagedTenantManagementTemplateStepManagementTemplate PSCommand_Get-MgTenantRelationshipManagedTenantManagementTemplateStepManagementTemplate PSFunction_Get-MgTenantRelationshipManagedTenantManagementTemplateStepTenantSummary PSCommand_Get-MgTenantRelationshipManagedTenantManagementTemplateStepTenantSummary PSFunction_Get-MgTenantRelationshipManagedTenantManagementTemplateStepVersion PSCommand_Get-MgTenantRelationshipManagedTenantManagementTemplateStepVersion PSFunction_Get-MgTenantRelationshipManagedTenantManagementTemplateStepVersionAcceptedFor PSCommand_Get-MgTenantRelationshipManagedTenantManagementTemplateStepVersionAcceptedFor PSFunction_Get-MgTenantRelationshipManagedTenantManagementTemplateStepVersionDeployment PSCommand_Get-MgTenantRelationshipManagedTenantManagementTemplateStepVersionDeployment PSFunction_Get-MgTenantRelationshipManagedTenantManagementTemplateStepVersionDeploymentTemplateStepVersion PSCommand_Get-MgTenantRelationshipManagedTenantManagementTemplateStepVersionDeploymentTemplateStepVersion PSFunction_Get-MgTenantRelationshipManagedTenantManagementTemplateStepVersionTemplateStep PSCommand_Get-MgTenantRelationshipManagedTenantManagementTemplateStepVersionTemplateStep PSFunction_Get-MgTenantRelationshipManagedTenantMyRole PSCommand_Get-MgTenantRelationshipManagedTenantMyRole PSFunction_Get-MgTenantRelationshipManagedTenantTag PSCommand_Get-MgTenantRelationshipManagedTenantTag PSFunction_Get-MgTenantRelationshipManagedTenantTicketingEndpoint PSCommand_Get-MgTenantRelationshipManagedTenantTicketingEndpoint PSFunction_Get-MgTenantRelationshipManagedTenantWindowDeviceMalwareState PSCommand_Get-MgTenantRelationshipManagedTenantWindowDeviceMalwareState PSFunction_Get-MgTenantRelationshipManagedTenantWindowProtectionState PSCommand_Get-MgTenantRelationshipManagedTenantWindowProtectionState PSFunction_New-MgTenantRelationshipManagedTenant PSCommand_New-MgTenantRelationshipManagedTenant PSFunction_New-MgTenantRelationshipManagedTenantAggregatedPolicyCompliance PSCommand_New-MgTenantRelationshipManagedTenantAggregatedPolicyCompliance PSFunction_New-MgTenantRelationshipManagedTenantAlert PSCommand_New-MgTenantRelationshipManagedTenantAlert PSFunction_New-MgTenantRelationshipManagedTenantAlertLog PSCommand_New-MgTenantRelationshipManagedTenantAlertLog PSFunction_New-MgTenantRelationshipManagedTenantAlertRule PSCommand_New-MgTenantRelationshipManagedTenantAlertRule PSFunction_New-MgTenantRelationshipManagedTenantAlertRuleDefinition PSCommand_New-MgTenantRelationshipManagedTenantAlertRuleDefinition PSFunction_New-MgTenantRelationshipManagedTenantApiNotification PSCommand_New-MgTenantRelationshipManagedTenantApiNotification PSFunction_New-MgTenantRelationshipManagedTenantAuditEvent PSCommand_New-MgTenantRelationshipManagedTenantAuditEvent PSFunction_New-MgTenantRelationshipManagedTenantCloudPcConnection PSCommand_New-MgTenantRelationshipManagedTenantCloudPcConnection PSFunction_New-MgTenantRelationshipManagedTenantCloudPcDevice PSCommand_New-MgTenantRelationshipManagedTenantCloudPcDevice PSFunction_New-MgTenantRelationshipManagedTenantCloudPcOverview PSCommand_New-MgTenantRelationshipManagedTenantCloudPcOverview PSFunction_New-MgTenantRelationshipManagedTenantConditionalAccessPolicyCoverage PSCommand_New-MgTenantRelationshipManagedTenantConditionalAccessPolicyCoverage PSFunction_New-MgTenantRelationshipManagedTenantCredentialUserRegistrationSummary PSCommand_New-MgTenantRelationshipManagedTenantCredentialUserRegistrationSummary PSFunction_New-MgTenantRelationshipManagedTenantCustomizedInformation PSCommand_New-MgTenantRelationshipManagedTenantCustomizedInformation PSFunction_New-MgTenantRelationshipManagedTenantDetailedInformation PSCommand_New-MgTenantRelationshipManagedTenantDetailedInformation PSFunction_New-MgTenantRelationshipManagedTenantDeviceCompliancePolicySettingStateSummary PSCommand_New-MgTenantRelationshipManagedTenantDeviceCompliancePolicySettingStateSummary PSFunction_New-MgTenantRelationshipManagedTenantEmailNotification PSCommand_New-MgTenantRelationshipManagedTenantEmailNotification PSFunction_New-MgTenantRelationshipManagedTenantGroup PSCommand_New-MgTenantRelationshipManagedTenantGroup PSFunction_New-MgTenantRelationshipManagedTenantManagedDeviceCompliance PSCommand_New-MgTenantRelationshipManagedTenantManagedDeviceCompliance PSFunction_New-MgTenantRelationshipManagedTenantManagedDeviceComplianceTrend PSCommand_New-MgTenantRelationshipManagedTenantManagedDeviceComplianceTrend PSFunction_New-MgTenantRelationshipManagedTenantManagementAction PSCommand_New-MgTenantRelationshipManagedTenantManagementAction PSFunction_New-MgTenantRelationshipManagedTenantManagementActionTenantDeploymentStatuses PSCommand_New-MgTenantRelationshipManagedTenantManagementActionTenantDeploymentStatuses PSFunction_New-MgTenantRelationshipManagedTenantManagementIntent PSCommand_New-MgTenantRelationshipManagedTenantManagementIntent PSFunction_New-MgTenantRelationshipManagedTenantManagementTemplate PSCommand_New-MgTenantRelationshipManagedTenantManagementTemplate PSFunction_New-MgTenantRelationshipManagedTenantManagementTemplateCollection PSCommand_New-MgTenantRelationshipManagedTenantManagementTemplateCollection PSFunction_New-MgTenantRelationshipManagedTenantManagementTemplateCollectionTenantSummary PSCommand_New-MgTenantRelationshipManagedTenantManagementTemplateCollectionTenantSummary PSFunction_New-MgTenantRelationshipManagedTenantManagementTemplateStep PSCommand_New-MgTenantRelationshipManagedTenantManagementTemplateStep PSFunction_New-MgTenantRelationshipManagedTenantManagementTemplateStepTenantSummary PSCommand_New-MgTenantRelationshipManagedTenantManagementTemplateStepTenantSummary PSFunction_New-MgTenantRelationshipManagedTenantManagementTemplateStepVersion PSCommand_New-MgTenantRelationshipManagedTenantManagementTemplateStepVersion PSFunction_New-MgTenantRelationshipManagedTenantManagementTemplateStepVersionDeployment PSCommand_New-MgTenantRelationshipManagedTenantManagementTemplateStepVersionDeployment PSFunction_New-MgTenantRelationshipManagedTenantMyRole PSCommand_New-MgTenantRelationshipManagedTenantMyRole PSFunction_New-MgTenantRelationshipManagedTenantTag PSCommand_New-MgTenantRelationshipManagedTenantTag PSFunction_New-MgTenantRelationshipManagedTenantTicketingEndpoint PSCommand_New-MgTenantRelationshipManagedTenantTicketingEndpoint PSFunction_New-MgTenantRelationshipManagedTenantWindowDeviceMalwareState PSCommand_New-MgTenantRelationshipManagedTenantWindowDeviceMalwareState PSFunction_New-MgTenantRelationshipManagedTenantWindowProtectionState PSCommand_New-MgTenantRelationshipManagedTenantWindowProtectionState PSFunction_Remove-MgTenantRelationshipManagedTenant PSCommand_Remove-MgTenantRelationshipManagedTenant PSFunction_Remove-MgTenantRelationshipManagedTenantAggregatedPolicyCompliance PSCommand_Remove-MgTenantRelationshipManagedTenantAggregatedPolicyCompliance PSFunction_Remove-MgTenantRelationshipManagedTenantAlert PSCommand_Remove-MgTenantRelationshipManagedTenantAlert PSFunction_Remove-MgTenantRelationshipManagedTenantAlertLog PSCommand_Remove-MgTenantRelationshipManagedTenantAlertLog PSFunction_Remove-MgTenantRelationshipManagedTenantAlertRule PSCommand_Remove-MgTenantRelationshipManagedTenantAlertRule PSFunction_Remove-MgTenantRelationshipManagedTenantAlertRuleDefinition PSCommand_Remove-MgTenantRelationshipManagedTenantAlertRuleDefinition PSFunction_Remove-MgTenantRelationshipManagedTenantApiNotification PSCommand_Remove-MgTenantRelationshipManagedTenantApiNotification PSFunction_Remove-MgTenantRelationshipManagedTenantAuditEvent PSCommand_Remove-MgTenantRelationshipManagedTenantAuditEvent PSFunction_Remove-MgTenantRelationshipManagedTenantCloudPcConnection PSCommand_Remove-MgTenantRelationshipManagedTenantCloudPcConnection PSFunction_Remove-MgTenantRelationshipManagedTenantCloudPcDevice PSCommand_Remove-MgTenantRelationshipManagedTenantCloudPcDevice PSFunction_Remove-MgTenantRelationshipManagedTenantCloudPcOverview PSCommand_Remove-MgTenantRelationshipManagedTenantCloudPcOverview PSFunction_Remove-MgTenantRelationshipManagedTenantConditionalAccessPolicyCoverage PSCommand_Remove-MgTenantRelationshipManagedTenantConditionalAccessPolicyCoverage PSFunction_Remove-MgTenantRelationshipManagedTenantCredentialUserRegistrationSummary PSCommand_Remove-MgTenantRelationshipManagedTenantCredentialUserRegistrationSummary PSFunction_Remove-MgTenantRelationshipManagedTenantCustomizedInformation PSCommand_Remove-MgTenantRelationshipManagedTenantCustomizedInformation PSFunction_Remove-MgTenantRelationshipManagedTenantDetailedInformation PSCommand_Remove-MgTenantRelationshipManagedTenantDetailedInformation PSFunction_Remove-MgTenantRelationshipManagedTenantDeviceCompliancePolicySettingStateSummary PSCommand_Remove-MgTenantRelationshipManagedTenantDeviceCompliancePolicySettingStateSummary PSFunction_Remove-MgTenantRelationshipManagedTenantEmailNotification PSCommand_Remove-MgTenantRelationshipManagedTenantEmailNotification PSFunction_Remove-MgTenantRelationshipManagedTenantGroup PSCommand_Remove-MgTenantRelationshipManagedTenantGroup PSFunction_Remove-MgTenantRelationshipManagedTenantManagedDeviceCompliance PSCommand_Remove-MgTenantRelationshipManagedTenantManagedDeviceCompliance PSFunction_Remove-MgTenantRelationshipManagedTenantManagedDeviceComplianceTrend PSCommand_Remove-MgTenantRelationshipManagedTenantManagedDeviceComplianceTrend PSFunction_Remove-MgTenantRelationshipManagedTenantManagementAction PSCommand_Remove-MgTenantRelationshipManagedTenantManagementAction PSFunction_Remove-MgTenantRelationshipManagedTenantManagementActionTenantDeploymentStatuses PSCommand_Remove-MgTenantRelationshipManagedTenantManagementActionTenantDeploymentStatuses PSFunction_Remove-MgTenantRelationshipManagedTenantManagementIntent PSCommand_Remove-MgTenantRelationshipManagedTenantManagementIntent PSFunction_Remove-MgTenantRelationshipManagedTenantManagementTemplate PSCommand_Remove-MgTenantRelationshipManagedTenantManagementTemplate PSFunction_Remove-MgTenantRelationshipManagedTenantManagementTemplateCollection PSCommand_Remove-MgTenantRelationshipManagedTenantManagementTemplateCollection PSFunction_Remove-MgTenantRelationshipManagedTenantManagementTemplateCollectionTenantSummary PSCommand_Remove-MgTenantRelationshipManagedTenantManagementTemplateCollectionTenantSummary PSFunction_Remove-MgTenantRelationshipManagedTenantManagementTemplateStep PSCommand_Remove-MgTenantRelationshipManagedTenantManagementTemplateStep PSFunction_Remove-MgTenantRelationshipManagedTenantManagementTemplateStepTenantSummary PSCommand_Remove-MgTenantRelationshipManagedTenantManagementTemplateStepTenantSummary PSFunction_Remove-MgTenantRelationshipManagedTenantManagementTemplateStepVersion PSCommand_Remove-MgTenantRelationshipManagedTenantManagementTemplateStepVersion PSFunction_Remove-MgTenantRelationshipManagedTenantManagementTemplateStepVersionDeployment PSCommand_Remove-MgTenantRelationshipManagedTenantManagementTemplateStepVersionDeployment PSFunction_Remove-MgTenantRelationshipManagedTenantMyRole PSCommand_Remove-MgTenantRelationshipManagedTenantMyRole PSFunction_Remove-MgTenantRelationshipManagedTenantTag PSCommand_Remove-MgTenantRelationshipManagedTenantTag PSFunction_Remove-MgTenantRelationshipManagedTenantTicketingEndpoint PSCommand_Remove-MgTenantRelationshipManagedTenantTicketingEndpoint PSFunction_Remove-MgTenantRelationshipManagedTenantWindowDeviceMalwareState PSCommand_Remove-MgTenantRelationshipManagedTenantWindowDeviceMalwareState PSFunction_Remove-MgTenantRelationshipManagedTenantWindowProtectionState PSCommand_Remove-MgTenantRelationshipManagedTenantWindowProtectionState PSFunction_Update-MgTenantRelationshipManagedTenant PSCommand_Update-MgTenantRelationshipManagedTenant PSFunction_Update-MgTenantRelationshipManagedTenantAggregatedPolicyCompliance PSCommand_Update-MgTenantRelationshipManagedTenantAggregatedPolicyCompliance PSFunction_Update-MgTenantRelationshipManagedTenantAlert PSCommand_Update-MgTenantRelationshipManagedTenantAlert PSFunction_Update-MgTenantRelationshipManagedTenantAlertLog PSCommand_Update-MgTenantRelationshipManagedTenantAlertLog PSFunction_Update-MgTenantRelationshipManagedTenantAlertRule PSCommand_Update-MgTenantRelationshipManagedTenantAlertRule PSFunction_Update-MgTenantRelationshipManagedTenantAlertRuleDefinition PSCommand_Update-MgTenantRelationshipManagedTenantAlertRuleDefinition PSFunction_Update-MgTenantRelationshipManagedTenantApiNotification PSCommand_Update-MgTenantRelationshipManagedTenantApiNotification PSFunction_Update-MgTenantRelationshipManagedTenantAuditEvent PSCommand_Update-MgTenantRelationshipManagedTenantAuditEvent PSFunction_Update-MgTenantRelationshipManagedTenantCloudPcConnection PSCommand_Update-MgTenantRelationshipManagedTenantCloudPcConnection PSFunction_Update-MgTenantRelationshipManagedTenantCloudPcDevice PSCommand_Update-MgTenantRelationshipManagedTenantCloudPcDevice PSFunction_Update-MgTenantRelationshipManagedTenantCloudPcOverview PSCommand_Update-MgTenantRelationshipManagedTenantCloudPcOverview PSFunction_Update-MgTenantRelationshipManagedTenantConditionalAccessPolicyCoverage PSCommand_Update-MgTenantRelationshipManagedTenantConditionalAccessPolicyCoverage PSFunction_Update-MgTenantRelationshipManagedTenantCredentialUserRegistrationSummary PSCommand_Update-MgTenantRelationshipManagedTenantCredentialUserRegistrationSummary PSFunction_Update-MgTenantRelationshipManagedTenantCustomizedInformation PSCommand_Update-MgTenantRelationshipManagedTenantCustomizedInformation PSFunction_Update-MgTenantRelationshipManagedTenantDetailedInformation PSCommand_Update-MgTenantRelationshipManagedTenantDetailedInformation PSFunction_Update-MgTenantRelationshipManagedTenantDeviceCompliancePolicySettingStateSummary PSCommand_Update-MgTenantRelationshipManagedTenantDeviceCompliancePolicySettingStateSummary PSFunction_Update-MgTenantRelationshipManagedTenantEmailNotification PSCommand_Update-MgTenantRelationshipManagedTenantEmailNotification PSFunction_Update-MgTenantRelationshipManagedTenantGroup PSCommand_Update-MgTenantRelationshipManagedTenantGroup PSFunction_Update-MgTenantRelationshipManagedTenantManagedDeviceCompliance PSCommand_Update-MgTenantRelationshipManagedTenantManagedDeviceCompliance PSFunction_Update-MgTenantRelationshipManagedTenantManagedDeviceComplianceTrend PSCommand_Update-MgTenantRelationshipManagedTenantManagedDeviceComplianceTrend PSFunction_Update-MgTenantRelationshipManagedTenantManagementAction PSCommand_Update-MgTenantRelationshipManagedTenantManagementAction PSFunction_Update-MgTenantRelationshipManagedTenantManagementActionTenantDeploymentStatuses PSCommand_Update-MgTenantRelationshipManagedTenantManagementActionTenantDeploymentStatuses PSFunction_Update-MgTenantRelationshipManagedTenantManagementIntent PSCommand_Update-MgTenantRelationshipManagedTenantManagementIntent PSFunction_Update-MgTenantRelationshipManagedTenantManagementTemplate PSCommand_Update-MgTenantRelationshipManagedTenantManagementTemplate PSFunction_Update-MgTenantRelationshipManagedTenantManagementTemplateCollection PSCommand_Update-MgTenantRelationshipManagedTenantManagementTemplateCollection PSFunction_Update-MgTenantRelationshipManagedTenantManagementTemplateCollectionTenantSummary PSCommand_Update-MgTenantRelationshipManagedTenantManagementTemplateCollectionTenantSummary PSFunction_Update-MgTenantRelationshipManagedTenantManagementTemplateStep PSCommand_Update-MgTenantRelationshipManagedTenantManagementTemplateStep PSFunction_Update-MgTenantRelationshipManagedTenantManagementTemplateStepTenantSummary PSCommand_Update-MgTenantRelationshipManagedTenantManagementTemplateStepTenantSummary PSFunction_Update-MgTenantRelationshipManagedTenantManagementTemplateStepVersion PSCommand_Update-MgTenantRelationshipManagedTenantManagementTemplateStepVersion PSFunction_Update-MgTenantRelationshipManagedTenantManagementTemplateStepVersionDeployment PSCommand_Update-MgTenantRelationshipManagedTenantManagementTemplateStepVersionDeployment PSFunction_Update-MgTenantRelationshipManagedTenantMyRole PSCommand_Update-MgTenantRelationshipManagedTenantMyRole PSFunction_Update-MgTenantRelationshipManagedTenantTag PSCommand_Update-MgTenantRelationshipManagedTenantTag PSFunction_Update-MgTenantRelationshipManagedTenantTicketingEndpoint PSCommand_Update-MgTenantRelationshipManagedTenantTicketingEndpoint PSFunction_Update-MgTenantRelationshipManagedTenantWindowDeviceMalwareState PSCommand_Update-MgTenantRelationshipManagedTenantWindowDeviceMalwareState PSFunction_Update-MgTenantRelationshipManagedTenantWindowProtectionState PSCommand_Update-MgTenantRelationshipManagedTenantWindowProtectionState PSIncludes_Function</S>
          <S N="developmentDependency">False</S>
          <S N="updated">2023-02-16T04:59:16Z</S>
          <S N="NormalizedVersion">1.22.0</S>
          <S N="Authors">Microsoft Corporation</S>
          <S N="IsPrerelease">false</S>
          <S N="ItemType">Module</S>
          <S N="FileList">Microsoft.Graph.ManagedTenants.nuspec|Microsoft.Graph.ManagedTenants.format.ps1xml|Microsoft.Graph.ManagedTenants.psd1|Microsoft.Graph.ManagedTenants.psm1|bin\Microsoft.Graph.ManagedTenants.private.dll|bin\Microsoft.Graph.ManagedTenants.private.deps.json|internal\Microsoft.Graph.ManagedTenants.internal.psm1|custom\Microsoft.Graph.ManagedTenants.custom.psm1|exports\v1.0-beta\ProxyCmdletDefinitions.ps1|.signature.p7s</S>
          <S N="GUID">668a58bd-0dc4-4653-8356-532fc405f779</S>
          <S N="PowerShellVersion">5.1</S>
          <S N="DotNetFrameworkVersion">4.7.2</S>
          <S N="CompanyName">Microsoft Corporation</S>
        </MS>
      </Obj>
      <S N="InstalledLocation">C:\Users\vJanvi\Documents\PowerShell\Modules\Microsoft.Graph.ManagedTenants\1.22.0</S>
    </MS>
  </Obj>
</Objs>
